ticker,period,operating_margin,price,var_price
AAL,2012-12-31,1,13.5,NA
AAL,2013-12-31,5,25.25,0.8703703703703705
AAL,2014-12-31,10,53.630001,1.1239604356435642
AAL,2015-12-31,15,42.349998,-0.21033009117415458
AAP,2012-12-29,11,NA,NA
AAP,2013-12-28,10,NA,NA
AAP,2015-01-03,9,NA,NA
AAP,2016-01-02,8,NA,NA
AAPL,2013-09-28,29,NA,NA
AAPL,2014-09-27,29,NA,NA
AAPL,2015-09-26,30,NA,NA
AAPL,2016-09-24,28,NA,NA
ABBV,2012-12-31,32,NA,NA
ABBV,2013-12-31,30,52.810001,NA
ABBV,2014-12-31,17,65.440002,0.23915926454915248
ABBV,2015-12-31,33,59.240002,-0.0947432733880419
ABC,2013-09-30,1,61.099998,NA
ABC,2014-09-30,1,77.300003,0.2651392067148677
ABC,2015-09-30,0,94.989998,0.22884856809125864
ABC,2016-09-30,1,80.779999,-0.14959468680060395
ABT,2012-12-31,7,31.4268731312,NA
ABT,2013-12-31,11,38.330002,0.21965687900227993
ABT,2014-12-31,13,45.02,0.17453685496807436
ABT,2015-12-31,14,44.91,-0.00244335850733024
ADBE,2013-11-29,10,56.779999,NA
ADBE,2014-11-28,10,73.68,0.2976400369432908
ADBE,2015-11-27,19,92.169998,0.2509500271444083
ADBE,2016-12-02,26,99.730003,0.08202240603281763
ADI,2013-11-02,29,NA,NA
ADI,2014-11-01,26,NA,NA
ADI,2015-10-31,24,NA,NA
ADI,2016-10-29,30,NA,NA
ADM,2012-12-31,2,27.389999,NA
ADM,2013-12-31,2,43.400002,0.5845200286425714
ADM,2014-12-31,3,52,0.19815662681305857
ADM,2015-12-31,3,36.68,-0.2946153846153846
ADS,2012-12-31,27,144.759995,NA
ADS,2013-12-31,25,262.929993,0.8163166764408911
ADS,2014-12-31,21,286.049988,0.08793213256579646
ADS,2015-12-31,20,276.570007,-0.033140994223708975
ADSK,2013-01-31,13,38.880001,NA
ADSK,2014-01-31,13,51.25,0.31815840231074066
ADSK,2015-01-31,5,NA,NA
ADSK,2016-01-31,0,NA,NA
AEE,2012-12-31,21,30.719999,NA
AEE,2013-12-31,20,36.16,0.17708337164984922
AEE,2014-12-31,21,46.130001,0.2757190542035399
AEE,2015-12-31,21,43.23,-0.06286583431897175
AEP,2012-12-31,18,42.68,NA
AEP,2013-12-31,19,46.740002,0.09512656982193057
AEP,2014-12-31,19,60.720001,0.29910137787328317
AEP,2015-12-31,20,58.27,-0.04034915941453954
AFL,2012-12-31,17,53.119999,NA
AFL,2013-12-31,20,66.800003,0.2575302006312161
AFL,2014-12-31,20,61.09,-0.08547908298746631
AFL,2015-12-31,19,59.900002,-0.01947942380094947
AIG,2012-12-31,4,35.299999,NA
AIG,2013-12-31,14,51.049999,0.4461756500333045
AIG,2014-12-31,16,56.009998,0.09715962971909176
AIG,2015-12-31,6,61.970001,0.10640962708122226
AIV,2012-12-31,19,27.059999,NA
AIV,2013-12-31,26,25.91,-0.04249811686984917
AIV,2014-12-31,27,37.150002,0.433809417213431
AIV,2015-12-31,26,40.029999,0.07752346823561407
AIZ,2013-12-31,9,66.370003,NA
AIZ,2014-12-31,7,68.43,0.03103807302826267
AIZ,2015-12-31,2,80.540001,0.17696918018412977
AIZ,2016-12-31,11,NA,NA
AJG,2013-12-31,9,46.93,NA
AJG,2014-12-31,6,47.080002,0.003196292350309049
AJG,2015-12-31,5,40.939999,-0.130416370840426
AJG,2016-12-31,6,NA,NA
AKAM,2012-12-31,23,40.91,NA
AKAM,2013-12-31,26,47.18,0.15326326081642638
AKAM,2014-12-31,25,62.959999,0.33446373463331924
AKAM,2015-12-31,21,52.630001,-0.16407239777751592
ALB,2012-12-31,16,62.119999,NA
ALB,2013-12-31,24,63.389999,0.020444301681331378
ALB,2014-12-31,11,60.130001,-0.05142763924006377
ALB,2015-12-31,12,56.009998,-0.06851825929622046
ALK,2012-12-31,11,21.545,NA
ALK,2013-12-31,16,36.6850015,0.7027153167788347
ALK,2014-12-31,18,59.759998,0.6290035588522467
ALK,2015-12-31,23,80.510002,0.3472223007771853
ALL,2012-12-31,10,40.169998,NA
ALL,2013-12-31,12,54.540001,0.357729741485175
ALL,2014-12-31,12,70.25,0.28804544759726003
ALL,2015-12-31,9,62.09,-0.11615658362989323
ALLE,2013-12-31,12,44.189999,NA
ALLE,2014-12-31,15,55.459999,0.25503508158033683
ALLE,2015-12-31,17,65.919998,0.18860438493697051
ALLE,2016-12-31,19,NA,NA
ALXN,2013-12-31,34,132.880005,NA
ALXN,2014-12-31,39,185.029999,0.3924593019092677
ALXN,2015-12-31,21,190.75,0.030913911424709006
ALXN,2016-12-31,22,NA,NA
AMAT,2013-10-27,6,NA,NA
AMAT,2014-10-26,17,NA,NA
AMAT,2015-10-25,18,NA,NA
AMAT,2016-10-30,20,NA,NA
AME,2012-12-31,22,37.57,NA
AME,2013-12-31,23,52.669998,0.4019163694437051
AME,2014-12-31,22,52.630001,-7.593886751239287e-4
AME,2015-12-31,23,53.59,0.01824052786926611
AMG,2012-12-31,20,130.149994,NA
AMG,2013-12-31,25,216.880005,0.6663850556919735
AMG,2014-12-31,29,212.240005,-0.021394318946091895
AMG,2015-12-31,32,159.759995,-0.247267285920013
AMGN,2013-12-31,31,114.080002,NA
AMGN,2014-12-31,31,159.289993,0.3963007556749518
AMGN,2015-12-31,39,162.330002,0.019084745643751733
AMGN,2016-12-31,43,NA,NA
AMP,2012-12-31,15,62.630001,NA
AMP,2013-12-31,20,115.050003,0.8369791020760162
AMP,2014-12-31,24,132.25,0.14950018732289827
AMP,2015-12-31,21,106.419998,-0.19531192438563327
AMT,2012-12-31,39,77.269997,NA
AMT,2013-12-31,36,79.82,0.03300120485315916
AMT,2014-12-31,36,98.849998,0.23841140065146593
AMT,2015-12-31,34,96.949997,-0.01922105248803352
AMZN,2013-12-31,1,398.790009,NA
AMZN,2014-12-31,0,310.350006,-0.22177085935971874
AMZN,2015-12-31,2,675.890015,1.177831486814922
AMZN,2016-12-31,3,NA,NA
AN,2013-12-31,4,49.689999,NA
AN,2014-12-31,4,60.41,0.2157375974187481
AN,2015-12-31,4,59.66,-0.012415163052474809
AN,2016-12-31,4,NA,NA
ANTM,2012-12-31,6,60.919998,NA
ANTM,2013-12-31,5,92.389999,0.5165791535318174
ANTM,2014-12-31,6,125.669998,0.36021213724658674
ANTM,2015-12-31,6,139.440002,0.10957272395277662
AON,2012-12-31,14,55.610001,NA
AON,2013-12-31,14,83.889999,0.5085415840938396
AON,2014-12-31,16,94.830002,0.13040890607234346
AON,2015-12-31,16,92.209999,-0.02762841869390653
APA,2012-12-31,30,78.5,NA
APA,2013-12-31,30,85.940002,0.09477709554140135
APA,2014-12-31,21,62.669998,-0.27077034510657805
APA,2015-12-31,437,44.470001,-0.29041004596808817
APC,2013-12-31,23,79.32,NA
APC,2014-12-31,29,82.5,0.04009077155824525
APC,2015-12-31,101,48.580002,-0.41115149090909087
APC,2016-12-31,33,NA,NA
APD,2013-09-30,13,98.5846373729,NA
APD,2014-09-30,13,120.425526365,0.22154454866518436
APD,2015-09-30,17,118.020352451,-0.01997229313916482
APD,2016-09-30,22,139.07493247,0.17839787444916744
APH,2012-12-31,19,32.3499985,NA
APH,2013-12-31,19,44.59,0.37836173315433097
APH,2014-12-31,19,53.810001,0.20677284144427
APH,2015-12-31,20,52.23,-0.02936259005087183
ARNC,2012-12-31,2,6.50675187406,NA
ARNC,2013-12-31,6,7.96852248875,0.22465442712170036
ARNC,2014-12-31,4,11.8365914543,0.48541859184195824
ARNC,2015-12-31,3,7.3988065967,-0.37492084395527914
ATVI,2012-12-31,30,10.62,NA
ATVI,2013-12-31,30,17.83,0.6789077212806025
ATVI,2014-12-31,27,20.15,0.1301177790241166
ATVI,2015-12-31,28,38.709999,0.9210917617866008
AVB,2012-12-31,35,135.589996,NA
AVB,2013-12-31,21,118.230003,-0.1280329929355556
AVB,2014-12-31,37,163.389999,0.3819673082474675
AVB,2015-12-31,38,184.130005,0.12693559047025893
AVGO,2015-11-01,24,NA,NA
AVGO,2016-10-30,3,NA,NA
AVY,2012-12-31,6,34.919998,NA
AVY,2013-12-28,8,NA,NA
AVY,2015-01-03,8,NA,NA
AVY,2016-01-02,9,NA,NA
AWK,2012-12-31,32,37.130001,NA
AWK,2013-12-31,33,42.259998,0.1381631258237781
AWK,2014-12-31,33,53.299999,0.2612399792352096
AWK,2015-12-31,34,59.75,0.12101315424039694
AXP,2012-12-31,0,57.48,NA
AXP,2013-12-31,0,90.730003,0.5784621259568545
AXP,2014-12-31,0,93.040001,0.025460133623053105
AXP,2015-12-31,0,69.550003,-0.25247203082037795
AYI,2013-08-31,11,NA,NA
AYI,2014-08-31,12,NA,NA
AYI,2015-08-31,14,194.869995,NA
AYI,2016-08-31,14,275.119995,0.4118130141071745
AZO,2013-08-31,19,NA,NA
AZO,2014-08-30,19,NA,NA
AZO,2015-08-29,19,NA,NA
AZO,2016-08-27,19,NA,NA
BA,2013-12-31,8,136.490005,NA
BA,2014-12-31,8,129.979996,-0.04769586608191567
BA,2015-12-31,8,144.589996,0.11240191144489664
BA,2016-12-31,6,NA,NA
BAC,2012-12-31,0,11.61,NA
BAC,2013-12-31,0,15.57,0.3410852713178296
BAC,2014-12-31,0,17.889999,0.14900443159922916
BAC,2015-12-31,0,16.83,-0.0592509256149204
BAX,2012-12-31,20,36.2085828354,NA
BAX,2013-12-31,5,37.7783807713,0.043354304780060415
BAX,2014-12-31,6,39.8098859316,0.05377427827302017
BAX,2015-12-31,5,38.150002,-0.04169526972400661
BBBY,2013-03-02,15,NA,NA
BBBY,2014-03-01,14,NA,NA
BBBY,2015-02-28,13,NA,NA
BBBY,2016-02-27,12,NA,NA
BBT,2012-12-31,0,29.110001,NA
BBT,2013-12-31,0,37.32,0.2820336213660728
BBT,2014-12-31,0,38.889999,0.04206856913183277
BBT,2015-12-31,0,37.810001,-0.027770584411689114
BBY,2012-03-03,5,NA,NA
BBY,2014-02-01,3,NA,NA
BBY,2015-01-31,4,NA,NA
BBY,2016-01-30,3,NA,NA
BCR,2013-12-31,21,133.940002,NA
BCR,2014-12-31,24,166.619995,0.243989790294314
BCR,2015-12-31,25,189.440002,0.13695839445920055
BCR,2016-12-31,26,NA,NA
BDX,2013-09-30,16,100.019997,NA
BDX,2014-09-30,19,113.809998,0.13787243964824336
BDX,2015-09-30,10,132.660004,0.16562697769311963
BDX,2016-09-30,11,179.729996,0.3548167539630107
BHI,2013-12-31,9,55.259998,NA
BHI,2014-12-31,12,56.07,0.014658017179081329
BHI,2015-12-31,15,46.150002,-0.17692166934189402
BHI,2016-12-31,16,NA,NA
BIIB,2013-12-31,36,279.570007,NA
BIIB,2014-12-31,41,339.450012,0.21418608398861627
BIIB,2015-12-31,45,306.350006,-0.09751069326814465
BIIB,2016-12-31,45,NA,NA
BK,2012-12-31,22,25.700001,NA
BK,2013-12-31,24,34.939999,0.35953298211933915
BK,2014-12-31,22,40.57,0.16113340472619941
BK,2015-12-31,28,41.220001,0.016021715553364624
BLL,2012-12-31,9,44.75,NA
BLL,2013-12-31,9,51.66,0.15441340782122892
BLL,2014-12-31,10,68.169998,0.31958958575300067
BLL,2015-12-31,8,72.730003,0.06689166985159645
BMY,2012-12-31,13,32.59,NA
BMY,2013-12-31,19,53.150002,0.6308684258975144
BMY,2014-12-31,16,59.029999,0.11063023102049918
BMY,2015-12-31,11,68.790001,0.16533969448313912
BSX,2012-12-31,53,5.73,NA
BSX,2013-12-31,2,12.02,1.0977312390924956
BSX,2014-12-31,4,13.25,0.10232945091514156
BSX,2015-12-31,4,18.440001,0.3916981886792452
BWA,2013-12-31,11,55.91,NA
BWA,2014-12-31,12,54.950001,-0.017170434627079123
BWA,2015-12-31,12,43.23,-0.21328481868453475
BWA,2016-12-31,2,NA,NA
BXP,2012-12-31,35,105.809998,NA
BXP,2013-12-31,32,100.370003,-0.05141286365018172
BXP,2014-12-31,33,128.690002,0.2821560043193383
BXP,2015-12-31,34,127.540001,-0.008936210910929887
C,2012-12-31,8,39.560001,NA
C,2013-12-31,28,52.110001,0.31723962797675354
C,2014-12-31,20,54.110001,0.038380348524652774
C,2015-12-31,35,51.75,-0.043614876296158234
CAG,2013-05-26,10,NA,NA
CAG,2014-05-25,10,NA,NA
CAG,2015-05-31,11,NA,NA
CAG,2016-05-29,8,NA,NA
CAH,2013-06-30,1,NA,NA
CAH,2014-06-30,2,68.559998,NA
CAH,2015-06-30,2,83.650002,0.2200992479608883
CAH,2016-06-30,2,78.010002,-0.06742378798747672
CAT,2013-12-31,10,90.809998,NA
CAT,2014-12-31,6,91.529999,0.007928653406643837
CAT,2015-12-31,8,67.959999,-0.2575112013275561
CAT,2016-12-31,1,NA,NA
CB,2012-12-31,17,79.800003,NA
CB,2013-12-31,22,103.529999,0.29736835974805653
CB,2014-12-31,18,114.879997,0.10963004066096826
CB,2015-12-31,17,116.849998,0.01714833784335834
CBG,2012-12-31,9,19.9,NA
CBG,2013-12-31,9,26.299999,0.3216079899497488
CBG,2014-12-31,9,34.25,0.3022814183376965
CBG,2015-12-31,8,34.580002,0.009635094890511064
CCI,2012-12-31,34,72.160004,NA
CCI,2013-12-31,31,73.43,0.017599721862543216
CCI,2014-12-31,27,78.699997,0.0717689908756638
CCI,2015-12-31,26,86.449997,0.09847522611722592
CCL,2013-11-30,9,NA,NA
CCL,2014-11-30,11,NA,NA
CCL,2015-11-30,16,50.529999,NA
CCL,2016-11-30,19,51.41,0.017415416928862504
CELG,2013-12-31,28,84.4850005,NA
CELG,2014-12-31,33,111.860001,0.32402201974301925
CELG,2015-12-31,24,119.760002,0.07062400258694801
CELG,2016-12-31,28,NA,NA
CERN,2013-12-28,20,NA,NA
CERN,2015-01-03,22,NA,NA
CERN,2016-01-02,18,NA,NA
CERN,2016-12-31,19,NA,NA
CF,2012-12-31,48,40.632,NA
CF,2013-12-31,44,46.6080018,0.1470762404016539
CF,2014-12-31,50,54.5079994,0.1694987404501862
CF,2015-12-31,28,40.810001,-0.25130253450468776
CFG,2012-12-31,0,NA,NA
CFG,2013-12-31,0,NA,NA
CFG,2014-12-31,0,NA,NA
CFG,2015-12-31,0,26.190001,NA
CHD,2012-12-31,19,26.785,NA
CHD,2013-12-31,19,33.1399995,0.23725964159044244
CHD,2014-12-31,19,39.404999,0.18904645728796687
CHD,2015-12-31,20,42.4399985,0.0770206719203319
CHK,2012-12-31,14,15.7237464522,NA
CHK,2013-12-31,11,25.6764437086,0.6329723826733076
CHK,2014-12-31,15,19.57,-0.23782279890087443
CHK,2015-12-31,148,4.5,-0.770056208482371
CHRW,2012-12-31,6,63.220001,NA
CHRW,2013-12-31,5,58.349998,-0.07703263085997114
CHRW,2014-12-31,6,74.889999,0.2834618948915817
CHRW,2015-12-31,6,62.02,-0.17185203861466203
CHTR,2013-12-31,11,136.759995,NA
CHTR,2014-12-31,11,166.619995,0.21833870350755702
CHTR,2015-12-31,11,183.100006,0.09890776314091254
CHTR,2016-12-31,12,NA,NA
CI,2012-12-31,9,53.459999,NA
CI,2013-12-31,7,87.480003,0.6363637230894821
CI,2014-12-31,9,102.910004,0.1763831786791321
CI,2015-12-31,9,146.330002,0.4219220319921473
CINF,2012-12-31,14,39.16,NA
CINF,2013-12-31,16,52.369999,0.33733398876404497
CINF,2014-12-31,15,51.830002,-0.010311189809264598
CINF,2015-12-31,17,59.169998,0.14161674159302562
CL,2012-12-31,23,52.2700005,NA
CL,2013-12-31,20,65.209999,0.2475607112343532
CL,2014-12-31,21,69.190002,0.06103363074733381
CL,2015-12-31,17,66.620003,-0.03714408044098638
CLX,2013-06-30,18,NA,NA
CLX,2014-06-30,18,91.400002,NA
CLX,2015-06-30,18,104.019997,0.1380743405235374
CLX,2016-06-30,18,138.389999,0.3304172562127643
CMA,2013-12-31,0,47.540001,NA
CMA,2014-12-31,0,46.84,-0.014724463299863877
CMA,2015-12-31,0,41.830002,-0.10695982066609744
CMA,2016-12-31,0,NA,NA
CME,2012-12-31,61,50.669998,NA
CME,2013-12-31,53,78.459999,0.5484508012019262
CME,2014-12-31,55,88.650002,0.12987513548145735
CME,2015-12-31,58,90.599998,0.021996570287725392
CMG,2013-12-31,17,532.780029,NA
CMG,2014-12-31,17,684.51001,0.2847891676510268
CMG,2015-12-31,17,479.850006,-0.2989875984428627
CMG,2016-12-31,1,NA,NA
CMI,2013-12-31,12,140.970001,NA
CMI,2014-12-31,12,144.169998,0.02269984377740042
CMI,2015-12-31,11,88.010002,-0.38954010389873206
CMI,2016-12-31,11,NA,NA
CMS,2013-12-31,17,26.77,NA
CMS,2014-12-31,16,34.75,0.2980948823309675
CMS,2015-12-31,18,36.080002,0.03827343884892098
CMS,2016-12-31,20,NA,NA
CNC,2012-12-31,1,20.5,NA
CNC,2013-12-31,3,29.4750005,0.4378049024390245
CNC,2014-12-31,3,51.924999,0.7616623619734968
CNC,2015-12-31,3,65.809998,0.2674048968205083
CNP,2012-12-31,14,19.25,NA
CNP,2013-12-31,12,23.18,0.2041558441558442
CNP,2014-12-31,10,23.43,0.010785159620362306
CNP,2015-12-31,13,18.360001,-0.2163892018779342
COF,2012-12-31,0,57.93,NA
COF,2013-12-31,0,76.610001,0.3224581563956499
COF,2014-12-31,0,82.550003,0.07753559486313022
COF,2015-12-31,0,72.18,-0.12562086763340274
COG,2012-12-31,25,24.870001,NA
COG,2013-12-31,32,38.759998,0.5585040788699609
COG,2014-12-31,5,29.610001,-0.23606804623674138
COG,2015-12-31,7,17.690001,-0.40256668684340813
COL,2013-09-30,20,67.860001,NA
COL,2014-09-30,18,78.5,0.15679338112594499
COL,2015-09-30,19,81.839996,0.04254771974522287
COL,2016-09-30,19,84.339996,0.030547411072698427
COO,2013-10-31,19,129.210007,NA
COO,2014-10-31,18,163.899994,0.2684775568505309
COO,2015-10-31,13,NA,NA
COO,2016-10-31,16,176.039993,NA
COST,2013-09-01,3,NA,NA
COST,2014-08-31,3,NA,NA
COST,2015-08-30,3,NA,NA
COST,2016-08-28,3,NA,NA
COTY,2003-06-30,73,NA,NA
COTY,2004-06-30,241,NA,NA
COTY,2006-02-28,58,NA,NA
COTY,2007-02-28,11,NA,NA
CPB,2013-07-28,13,NA,NA
CPB,2014-08-03,15,NA,NA
CPB,2015-08-02,13,NA,NA
CPB,2016-07-31,12,NA,NA
CRM,2013-01-31,4,43.03250125,NA
CRM,2014-01-31,7,60.529999,0.4066112180732231
CRM,2015-01-31,3,NA,NA
CRM,2016-01-31,2,NA,NA
CSCO,2013-07-27,23,NA,NA
CSCO,2014-07-26,20,NA,NA
CSCO,2015-07-25,22,NA,NA
CSCO,2016-07-30,26,NA,NA
CSRA,2015-04-03,11,NA,NA
CSRA,2016-04-01,4,27.27,NA
CSX,2013-12-31,29,28.77,NA
CSX,2014-12-26,29,36.68,0.2749391727493917
CSX,2015-12-25,30,NA,NA
CSX,2016-12-30,31,35.93,NA
CTAS,2013-05-31,13,45.650002,NA
CTAS,2014-05-31,14,NA,NA
CTAS,2015-05-31,16,NA,NA
CTAS,2016-05-31,16,94.800003,NA
CTL,2012-12-31,15,39.119999,NA
CTL,2013-12-31,8,31.85,-0.18583842499586978
CTL,2014-12-31,13,39.580002,0.24270021978021972
CTL,2015-12-31,15,25.16,-0.36432544899820873
CTSH,2012-12-31,19,36.9399985,NA
CTSH,2013-12-31,19,50.4900015,0.36681114104539003
CTSH,2014-12-31,18,52.66,0.04297877669898664
CTSH,2015-12-31,17,60.02,0.13976452715533627
CTXS,2013-12-31,13,63.25,NA
CTXS,2014-12-31,10,63.799999,0.00869563636363635
CTXS,2015-12-31,11,75.650002,0.185736727049165
CTXS,2016-12-31,19,NA,NA
CVS,2013-12-31,6,71.57,NA
CVS,2014-12-31,6,96.309998,0.3456755344418052
CVS,2015-12-31,6,97.769997,0.015159371096653995
CVS,2016-12-31,6,NA,NA
CVX,2012-12-31,15,108.139999,NA
CVX,2013-12-31,12,124.910004,0.15507680002845192
CVX,2014-12-31,10,112.18,-0.1019134063913727
CVX,2015-12-31,3,89.959999,-0.19807453200213954
CXO,2012-12-31,47,80.559998,NA
CXO,2013-12-31,27,108,0.3406157234512346
CXO,2014-12-31,41,99.75,-0.07638888888888884
CXO,2015-12-31,21,92.860001,-0.06907267167919806
D,2012-12-31,22,51.799999,NA
D,2013-12-31,25,64.690002,0.24884176156065196
D,2014-12-31,22,76.900002,0.18874632280889392
D,2015-12-31,30,67.639999,-0.12041616071739503
DAL,2013-12-31,9,27.469999,NA
DAL,2014-12-31,5,49.189999,0.7906807714117499
DAL,2015-12-31,19,50.689999,0.030494003466029707
DAL,2016-12-31,18,NA,NA
DD,2013-12-31,10,61.6999040836,NA
DD,2014-12-31,14,70.2184197531,0.1380636776672759
DD,2015-12-31,12,66.599998,-0.05153094823015081
DD,2016-12-31,14,NA,NA
DE,2013-10-31,16,81.839996,NA
DE,2014-10-31,15,85.540001,0.04521022948241593
DE,2015-10-31,12,NA,NA
DE,2016-10-31,11,88.300003,NA
DFS,2012-11-30,0,41.610001,NA
DFS,2013-12-31,0,55.950001,0.34462868674288205
DFS,2014-12-31,0,65.489998,0.1705093267111828
DFS,2015-12-31,0,53.619999,-0.18124903592148534
DG,2013-02-01,10,46.279999,NA
DG,2014-01-31,10,56.32,0.21694038930294712
DG,2015-01-30,9,67.059998,0.19069598721590886
DG,2016-01-29,10,75.059998,0.11929615625696854
DGX,2012-12-31,16,58.27,NA
DGX,2013-12-31,21,53.540001,-0.08117382872833367
DGX,2014-12-31,13,67.059998,0.2525214185184643
DGX,2015-12-31,19,71.139999,0.06084105460307376
DHI,2013-09-30,12,19.43,NA
DHI,2014-09-30,12,20.52,0.0560988162635101
DHI,2015-09-30,12,29.360001,0.430799269005848
DHI,2016-09-30,13,30.200001,0.028610353248966103
DHR,2012-12-31,17,42.3805928734,NA
DHR,2013-12-31,17,58.5291902957,0.3810375534513959
DHR,2014-12-31,17,64.9810485216,0.11023317071881666
DHR,2015-12-31,17,70.416984837,0.08365417978124912
DIS,2013-09-28,21,NA,NA
DIS,2014-09-27,23,NA,NA
DIS,2015-10-03,25,NA,NA
DIS,2016-10-01,26,NA,NA
DISCA,2013-12-31,36,46.203373531,NA
DISCA,2014-12-31,33,34.450001,-0.25438342771906275
DISCA,2015-12-31,31,26.68,-0.2255442895342732
DISCA,2016-12-31,32,NA,NA
DISCK,2013-12-31,36,41.9300005,NA
DISCK,2014-12-31,33,33.720001,-0.1958025137633851
DISCK,2015-12-31,31,25.219999,-0.2520759711721242
DISCK,2016-12-31,32,NA,NA
DLPH,2013-12-31,11,60.130001,NA
DLPH,2014-12-31,11,72.720001,0.2093796738835909
DLPH,2015-12-31,11,85.730003,0.17890541558160877
DLPH,2016-12-31,12,NA,NA
DLR,2012-12-31,29,67.889999,NA
DLR,2013-12-31,26,49.119999,-0.27647665748234884
DLR,2014-12-31,16,66.300003,0.3497557888793932
DLR,2015-12-31,23,75.620003,0.14057314597708226
DLTR,2013-02-02,12,NA,NA
DLTR,2014-02-01,12,NA,NA
DLTR,2015-01-31,12,NA,NA
DLTR,2016-01-30,7,NA,NA
DNB,2012-12-31,26,78.650002,NA
DNB,2013-12-31,27,122.75,0.5607119755699435
DNB,2014-12-31,26,120.959999,-0.014582492871690445
DNB,2015-12-31,21,103.93,-0.1407903368120893
DOV,2013-12-31,16,80.1161834025,NA
DOV,2014-12-31,16,71.720001,-0.10480007965828786
DOV,2015-12-31,13,61.310001,-0.14514779496447572
DOV,2016-12-31,11,NA,NA
DPS,2013-12-31,17,48.720001,NA
DPS,2014-12-31,19,71.68,0.471264337617727
DPS,2015-12-31,21,93.199997,0.30022317243303553
DPS,2016-12-31,22,NA,NA
DRI,2013-05-26,7,NA,NA
DRI,2014-05-25,5,NA,NA
DRI,2015-05-31,5,NA,NA
DRI,2016-05-29,9,NA,NA
DUK,2012-12-31,16,63.799999,NA
DUK,2013-12-31,21,69.010002,0.08166149030817382
DUK,2014-12-31,22,83.540001,0.2105491751760853
DUK,2015-12-31,23,71.389999,-0.14543933270960818
DVA,2012-12-31,16,55.2649995,NA
DVA,2013-12-31,13,63.369999,0.14665700847423335
DVA,2014-12-31,14,75.739998,0.19520276463946296
DVA,2015-12-31,8,69.709999,-0.07961445945641565
DVN,2013-12-31,5,61.869999,NA
DVN,2014-12-31,23,61.209999,-0.01066752886160538
DVN,2015-12-31,158,32,-0.47720959773255345
DVN,2016-12-31,24,NA,NA
EA,2013-03-31,3,NA,NA
EA,2014-03-31,1,29.01,NA
EA,2015-03-31,21,58.82,1.0275766976904515
EA,2016-03-31,20,66.110001,0.12393745324719485
EBAY,2013-12-31,30,23.0934347643,NA
EBAY,2014-12-31,28,23.619526936,0.022781027468173898
EBAY,2015-12-31,26,27.48,0.1634441313943511
EBAY,2016-12-31,26,NA,NA
ECL,2012-12-31,11,71.900002,NA
ECL,2013-12-31,12,104.269997,0.45020854102340646
ECL,2014-12-31,14,104.519997,0.002397621628396074
ECL,2015-12-31,12,114.379997,0.09433601495415278
ED,2013-12-31,18,55.279999,NA
ED,2014-12-31,17,66.010002,0.19410280741864705
ED,2015-12-31,19,64.269997,-0.02635971742585308
ED,2016-12-31,21,NA,NA
EFX,2012-12-31,23,54.119999,NA
EFX,2013-12-31,27,69.089996,0.27660748848129124
EFX,2014-12-31,26,80.870003,0.1705023546390132
EFX,2015-12-31,26,111.370003,0.3771484959633302
EIX,2012-12-31,19,45.189999,NA
EIX,2013-12-31,14,46.299999,0.024562956949833126
EIX,2014-12-31,18,65.480003,0.4142549549515109
EIX,2015-12-31,17,59.209999,-0.09575448553354515
EL,2013-06-30,15,NA,NA
EL,2014-06-30,17,74.260002,NA
EL,2015-06-30,15,86.660004,0.16698090043143288
EL,2016-06-30,14,91.019997,0.05031147933018798
EMN,2012-12-31,10,68.050003,NA
EMN,2013-12-31,20,80.699997,0.18589262957122865
EMN,2014-12-31,12,75.860001,-0.059975169515805504
EMN,2015-12-31,14,67.510002,-0.11007116912640158
EMR,2013-09-30,14,64.699997,NA
EMR,2014-09-30,19,62.580002,-0.032766539386392846
EMR,2015-09-30,18,44.169998,-0.2941834997065037
EMR,2016-09-30,17,54.509998,0.23409555055900166
EOG,2012-12-31,13,60.3950005,NA
EOG,2013-12-31,25,83.919998,0.38951895529829494
EOG,2014-12-31,29,92.07,0.0971163273859943
EOG,2015-12-31,76,70.790001,-0.23112847833170402
EQIX,2012-12-31,21,206.199997,NA
EQIX,2013-12-31,21,177.449997,-0.1394277420867276
EQIX,2014-12-31,21,226.729996,0.2777120306178422
EQIX,2015-12-31,21,302.399994,0.3337449800863579
EQR,2012-12-31,29,56.669998,NA
EQR,2013-12-31,21,51.869999,-0.08470088529030828
EQR,2014-12-31,35,71.839996,0.38500091353385213
EQR,2015-12-31,37,81.589996,0.1357182703629327
EQT,2013-12-31,34,89.779999,NA
EQT,2014-12-31,31,75.699997,-0.15682782531552497
EQT,2015-12-31,9,52.130001,-0.311360593581001
EQT,2016-12-31,2,NA,NA
ES,2012-12-31,18,39.080002,NA
ES,2013-12-31,21,42.389999,0.0846979741710352
ES,2014-12-31,21,53.52,0.2625619547667364
ES,2015-12-31,22,51.07,-0.04577727952167421
ESS,2012-12-31,31,146.649994,NA
ESS,2013-12-31,31,143.509995,-0.021411518093890858
ESS,2014-12-31,21,206.600006,0.4396210243056591
ESS,2015-12-31,28,239.410004,0.15880927902780395
ETFC,2012-12-31,15,8.95,NA
ETFC,2013-12-31,13,19.639999,1.1944132960893854
ETFC,2014-12-31,31,24.26,0.23523427877974945
ETFC,2015-12-31,14,29.639999,0.2217641797197032
ETN,2012-12-31,9,54.18,NA
ETN,2013-12-31,10,76.120003,0.4049465300849022
ETN,2014-12-31,8,67.959999,-0.10719920754601131
ETN,2015-12-31,11,52.040001,-0.23425541839693087
ETR,2012-12-31,13,63.75,NA
ETR,2013-12-31,12,63.27,-0.0075294117647057845
ETR,2014-12-31,16,87.480003,0.3826458511142721
ETR,2015-12-31,3,68.360001,-0.21856425862262485
EW,2012-12-31,21,45.084999,NA
EW,2013-12-31,25,32.880001,-0.27071084109373056
EW,2014-12-31,50,63.6899985,0.9370436910874791
EW,2015-12-31,25,78.980003,0.24006916093741149
EXC,2013-12-31,15,27.389999,NA
EXC,2014-12-31,11,37.080002,0.3537788738144898
EXC,2015-12-31,15,27.77,-0.25107878904645153
EXC,2016-12-31,10,NA,NA
EXPD,2012-12-31,9,39.549999,NA
EXPD,2013-12-31,9,44.25,0.11883694358626906
EXPD,2014-12-31,9,44.610001,0.008135615819208963
EXPD,2015-12-31,11,45.099998,0.010984016790315687
EXPE,2013-12-31,8,69.660004,NA
EXPE,2014-12-31,9,85.360001,0.2253803631708089
EXPE,2015-12-31,6,124.300003,0.45618558509623264
EXPE,2016-12-31,5,NA,NA
EXR,2012-12-31,38,36.389999,NA
EXR,2013-12-31,41,42.130001,0.1577357009545397
EXR,2014-12-31,43,58.639999,0.39188221239301657
EXR,2015-12-31,38,88.209999,0.504263310099988
F,2013-12-31,9,15.43,NA
F,2014-12-31,0,15.5,0.004536616979909258
F,2015-12-31,5,14.09,-0.09096774193548385
F,2016-12-31,3,NA,NA
FAST,2013-12-31,21,47.509998,NA
FAST,2014-12-31,21,47.560001,0.0010524732078498467
FAST,2015-12-31,21,40.82,-0.14171574554844946
FAST,2016-12-31,20,NA,NA
FB,2013-12-31,36,54.650002,NA
FB,2014-12-31,40,78.019997,0.42763026797327486
FB,2015-12-31,35,104.660004,0.34145101287302015
FB,2016-12-31,45,NA,NA
FBHS,2012-12-31,5,NA,NA
FBHS,2013-12-31,9,45.700001,NA
FBHS,2014-12-31,10,45.27,-0.009409212047938431
FBHS,2015-12-31,11,55.5,0.22597746852220002
FCX,2012-12-31,32,34.200001,NA
FCX,2013-12-31,26,37.740002,0.10350879814301739
FCX,2014-12-31,0,23.360001,-0.3810280932152573
FCX,2015-12-31,84,6.77,-0.7101883685707034
FDX,2013-05-31,10,96.339996,NA
FDX,2014-05-31,8,NA,NA
FDX,2015-05-31,4,NA,NA
FDX,2016-05-31,6,164.970001,NA
FE,2012-12-31,14,41.759998,NA
FE,2013-12-31,11,32.98,-0.21024900432227045
FE,2014-12-31,7,38.990002,0.18223171619163137
FE,2015-12-31,15,31.73,-0.18620163189527406
FFIV,2013-09-30,29,85.809998,NA
FFIV,2014-09-30,28,118.739998,0.38375481607632733
FFIV,2015-09-30,29,115.800003,-0.02475993809600696
FFIV,2016-09-30,27,124.639999,0.07633847816048855
FIS,2012-12-31,19,34.810001,NA
FIS,2013-12-31,18,53.68,0.5420855632839539
FIS,2014-12-31,20,62.200001,0.15871834947839036
FIS,2015-12-31,17,60.599998,-0.025723520486760187
FISV,2012-12-31,24,39.5149995,NA
FISV,2013-12-31,22,59.049999,0.49436922047790977
FISV,2014-12-31,24,70.970001,0.20186286539987908
FISV,2015-12-31,25,91.459999,0.28871350868376067
FL,2013-02-02,10,NA,NA
FL,2014-02-01,10,NA,NA
FL,2015-01-31,11,NA,NA
FL,2016-01-30,11,NA,NA
FLIR,2012-12-31,22,22.32,NA
FLIR,2013-12-31,16,30.1,0.3485663082437276
FLIR,2014-12-31,17,32.310001,0.07342196013289026
FLIR,2015-12-31,20,28.07,-0.13122874864658773
FLR,2013-12-31,4,80.290001,NA
FLR,2014-12-31,6,60.630001,-0.24486237084490758
FLR,2015-12-31,4,47.220001,-0.22117763118625045
FLR,2016-12-31,3,NA,NA
FLS,2013-12-31,15,78.830002,NA
FLS,2014-12-31,16,59.830002,-0.24102498437079822
FLS,2015-12-31,12,42.080002,-0.29667389949276624
FLS,2016-12-31,7,NA,NA
FMC,2012-12-31,19,58.52,NA
FMC,2013-12-31,17,75.459999,0.28947366712235123
FMC,2014-12-31,13,57.029999,-0.2442353597168746
FMC,2015-12-31,2,39.130001,-0.3138698634730819
FRT,2013-12-31,40,101.410004,NA
FRT,2014-12-31,40,133.460007,0.31604379978133124
FRT,2015-12-31,40,146.100006,0.09471001301535975
FRT,2016-12-31,40,NA,NA
FSLR,2012-12-31,1,30.860001,NA
FSLR,2013-12-31,11,54.639999,0.7705767086656932
FSLR,2014-12-31,12,44.599998,-0.18374819150344424
FSLR,2015-12-31,14,65.989998,0.4795964340626204
FTR,2012-12-31,20,4.28,NA
FTR,2013-12-31,21,4.65,0.08644859813084116
FTR,2014-12-31,17,6.67,0.43440860215053756
FTR,2015-12-31,13,4.67,-0.2998500749625187
GD,2013-12-31,12,95.550003,NA
GD,2014-12-31,13,137.619995,0.4402929427432878
GD,2015-12-31,13,137.360001,-0.001889216752260281
GD,2016-12-31,14,NA,NA
GGP,2012-12-31,32,19.85,NA
GGP,2013-12-31,34,20.07,0.011083123425692731
GGP,2014-12-31,37,28.129999,0.4015943697060289
GGP,2015-12-31,38,27.209999,-0.032705297998766425
GILD,2012-12-31,41,36.7249985,NA
GILD,2013-12-31,40,75.099998,1.0449285518691038
GILD,2014-12-31,61,94.260002,0.25512655805929585
GILD,2015-12-31,68,101.190002,0.07352004936303747
GIS,2013-05-26,16,NA,NA
GIS,2014-05-25,17,NA,NA
GIS,2015-05-31,12,NA,NA
GIS,2016-05-29,16,NA,NA
GLW,2013-12-31,18,17.82,NA
GLW,2014-12-31,20,22.93,0.28675645342311995
GLW,2015-12-31,15,18.280001,-0.20279105974705636
GLW,2016-12-31,15,NA,NA
GM,2013-12-31,3,40.869999,NA
GM,2014-12-31,1,34.91,-0.14582821497010567
GM,2015-12-31,3,34.009998,-0.025780635920939377
GM,2016-12-31,6,NA,NA
GPC,2012-12-31,8,63.580002,NA
GPC,2013-12-31,7,83.190002,0.3084303142991409
GPC,2014-12-31,7,106.57,0.2810433638407652
GPC,2015-12-31,7,85.889999,-0.19405086797410143
GPN,2013-05-31,15,23.9799995,NA
GPN,2014-05-31,16,NA,NA
GPN,2015-05-31,16,NA,NA
GPN,2016-05-31,15,77.690002,NA
GPS,2013-02-02,12,NA,NA
GPS,2014-02-01,13,NA,NA
GPS,2015-01-31,13,NA,NA
GPS,2016-01-30,10,NA,NA
GRMN,2012-12-29,22,NA,NA
GRMN,2013-12-28,22,NA,NA
GRMN,2014-12-27,24,NA,NA
GRMN,2015-12-26,19,NA,NA
GT,2013-12-31,7,23.85,NA
GT,2014-12-31,8,28.57,0.19790356394129982
GT,2015-12-31,9,32.669998,0.14350710535526767
GT,2016-12-31,10,NA,NA
GWW,2012-12-31,13,202.369995,NA
GWW,2013-12-31,14,255.419998,0.26214361966061217
GWW,2014-12-31,14,254.889999,-0.002075009804048289
GWW,2015-12-31,13,202.589996,-0.2051865636360255
HAL,2013-12-31,11,50.75,NA
HAL,2014-12-31,16,39.330002,-0.22502459113300488
HAL,2015-12-31,1,34.040001,-0.1345029425627795
HAL,2016-12-31,43,NA,NA
HAR,2013-06-30,5,NA,NA
HAR,2014-06-30,6,107.43,NA
HAR,2015-06-30,8,118.940002,0.10713955133575359
HAR,2016-06-30,8,71.82,-0.3961661443388912
HAS,2012-12-31,13,35.900002,NA
HAS,2013-12-29,11,NA,NA
HAS,2014-12-28,15,NA,NA
HAS,2015-12-27,16,NA,NA
HBAN,2012-12-31,0,6.39,NA
HBAN,2013-12-31,0,9.65,0.5101721439749609
HBAN,2014-12-31,0,10.52,0.09015544041450774
HBAN,2015-12-31,0,11.06,0.051330798479087614
HBI,2013-12-28,11,NA,NA
HBI,2015-01-03,11,NA,NA
HBI,2016-01-02,10,NA,NA
HBI,2016-12-31,13,NA,NA
HCA,2012-12-31,15,NA,NA
HCA,2013-12-31,14,47.709999,NA
HCA,2014-12-31,15,73.389999,0.5382519500786407
HCA,2015-12-31,15,67.629997,-0.0784848355155312
HCN,2012-12-31,30,61.290001,NA
HCN,2013-12-31,19,53.57,-0.12595857193737026
HCN,2014-12-31,26,75.669998,0.4125442971812583
HCN,2015-12-31,28,68.029999,-0.10096470466405993
HCP,2013-12-31,59,33.0783251366,NA
HCP,2014-12-31,40,40.1001830601,0.21227972983827303
HCP,2015-12-31,26,34.8269590164,-0.13150124616131498
HCP,2016-12-31,30,NA,NA
HD,2013-02-03,10,NA,NA
HD,2014-02-02,12,NA,NA
HD,2015-02-01,13,NA,NA
HD,2016-01-31,13,NA,NA
HES,2012-12-31,25,52.959999,NA
HES,2013-12-31,24,83,0.56722057339918
HES,2014-12-31,19,73.82,-0.11060240963855428
HES,2015-12-31,58,48.48,-0.343267407206719
HIG,2012-12-31,0,22.440001,NA
HIG,2013-12-31,7,36.23,0.6145275572848681
HIG,2014-12-31,9,41.689999,0.1507038089980679
HIG,2015-12-31,11,43.459999,0.04245622553265127
HOG,2012-12-31,18,48.830002,NA
HOG,2013-12-31,20,69.239998,0.4179806505025332
HOG,2014-12-31,21,65.910004,-0.04809350225573372
HOG,2015-12-31,19,45.389999,-0.31133369374397246
HOLX,2013-09-28,36,NA,NA
HOLX,2014-09-27,11,NA,NA
HOLX,2015-09-26,17,NA,NA
HOLX,2016-09-24,19,NA,NA
HON,2013-12-31,14,91.370003,NA
HON,2014-12-31,14,99.919998,0.09357551405574549
HON,2015-12-31,18,103.57,0.03652924412588554
HON,2016-12-31,17,NA,NA
HP,2013-09-30,28,68.949997,NA
HP,2014-09-30,28,97.870003,0.4194344780029504
HP,2015-09-30,21,47.259998,-0.5171145749326277
HP,2016-09-30,2,67.300003,0.4240373645381872
HPE,2014-10-31,4,NA,NA
HPE,2015-10-31,3,NA,NA
HPE,2016-10-31,8,22.469999,NA
HPQ,2013-10-31,6,11.0672107175,NA
HPQ,2014-10-31,8,16.2942765668,0.472302008403501
HPQ,2015-10-31,8,NA,NA
HPQ,2016-10-31,7,14.49,NA
HRB,2013-04-30,24,27.74,NA
HRB,2014-04-30,27,28.42,0.024513338139870333
HRB,2015-04-30,26,30.24,0.06403940886699488
HRB,2016-04-30,21,NA,NA
HRL,2013-10-27,9,NA,NA
HRL,2014-10-26,10,NA,NA
HRL,2015-10-31,12,NA,NA
HRL,2016-10-30,14,NA,NA
HRS,2013-06-28,16,49.25,NA
HRS,2014-06-27,18,75.980003,0.54274117766497465
HRS,2015-07-03,14,NA,NA
HRS,2016-07-01,10,82.589996,NA
HSIC,2012-12-29,7,NA,NA
HSIC,2013-12-28,7,NA,NA
HSIC,2014-12-27,7,NA,NA
HSIC,2015-12-26,7,NA,NA
HST,2012-12-31,7,15.67,NA
HST,2013-12-31,10,19.440001,0.2405871729419271
HST,2014-12-31,13,23.77,0.22273656261643193
HST,2015-12-31,12,15.34,-0.3546487168700042
HSY,2012-12-31,17,72.220001,NA
HSY,2013-12-31,19,97.230003,0.3463029860661453
HSY,2014-12-31,19,103.93,0.06890874003161351
HSY,2015-12-31,14,89.269997,-0.14105650918887713
HUM,2013-12-31,5,103.220001,NA
HUM,2014-12-31,5,143.630005,0.39149393149104905
HUM,2015-12-31,4,178.509995,0.2428461239697095
HUM,2016-12-31,3,NA,NA
IBM,2012-12-31,22,191.550003,NA
IBM,2013-12-31,21,187.570007,-0.020777843579569133
IBM,2014-12-31,20,160.440002,-0.14463935590725874
IBM,2015-12-31,19,137.619995,-0.1422338987505124
IDXX,2012-12-31,20,46.4000015,NA
IDXX,2013-12-31,19,53.1850015,0.1462284435486494
IDXX,2014-12-31,18,74.135002,0.393908055074512
IDXX,2015-12-31,19,72.919998,-0.016389073544504584
IFF,2012-12-31,17,66.540001,NA
IFF,2013-12-31,17,85.980003,0.29215512034633107
IFF,2014-12-31,19,101.360001,0.17887877952272224
IFF,2015-12-31,19,119.639999,0.18034725552143605
ILMN,2013-12-29,9,NA,NA
ILMN,2014-12-28,28,NA,NA
ILMN,2016-01-03,28,NA,NA
ILMN,2017-01-01,24,NA,NA
INTC,2013-12-28,23,NA,NA
INTC,2014-12-27,27,NA,NA
INTC,2015-12-26,25,NA,NA
INTC,2016-12-31,22,NA,NA
INTU,2013-07-31,31,63.919998,NA
INTU,2014-07-31,31,81.970001,0.2823842860570802
INTU,2015-07-31,18,105.769997,0.2903500757551536
INTU,2016-07-31,26,NA,NA
IP,2012-12-31,8,39.2899418146,NA
IP,2013-12-31,8,48.3530641026,0.23067283557625884
IP,2014-12-31,6,53.580002,0.1080994140580005
IP,2015-12-31,9,37.700001,-0.2963792535879338
IPG,2012-12-31,10,11.02,NA
IPG,2013-12-31,8,17.700001,0.6061706896551724
IPG,2014-12-31,10,20.77,0.17344626138721675
IPG,2015-12-31,11,23.280001,0.12084742416947525
IRM,2012-12-31,18,28.6968595194,NA
IRM,2013-12-31,16,28.0499103512,-0.02254424975536573
IRM,2014-12-31,18,38.66,0.37825752438977345
IRM,2015-12-31,17,27.01,-0.30134505949301593
ISRG,2013-12-31,38,384.079987,NA
ISRG,2014-12-31,26,528.940002,0.37716105994348514
ISRG,2015-12-31,31,546.159973,0.032555622442788756
ISRG,2016-12-31,35,NA,NA
ITW,2013-12-31,18,84.080002,NA
ITW,2014-12-31,20,94.699997,0.1263082153589863
ITW,2015-12-31,21,92.68,-0.021330486420184203
ITW,2016-12-31,23,NA,NA
IVZ,2012-12-31,21,26.09,NA
IVZ,2013-12-31,24,36.400002,0.3951706400919892
IVZ,2014-12-31,25,39.52,0.08571422605965795
IVZ,2015-12-31,27,33.48,-0.15283400809716619
JBHT,2012-12-31,10,59.709999,NA
JBHT,2013-12-31,10,77.300003,0.29459059277492194
JBHT,2014-12-31,10,84.25,0.08990940142654313
JBHT,2015-12-31,12,73.360001,-0.12925814836795257
JEC,2013-09-27,6,57.790001,NA
JEC,2014-09-26,4,49.68,-0.14033571309334292
JEC,2015-10-02,4,37.400002,-0.24718192431561992
JEC,2016-09-30,3,51.720001,0.382887653321516
JNPR,2012-12-31,7,19.67,NA
JNPR,2013-12-31,12,22.57,0.14743263853584132
JNPR,2014-12-31,9,22.32,-0.01107665042091277
JNPR,2015-12-31,19,27.6,0.23655913978494625
JPM,2012-12-31,31,43.970001,NA
JPM,2013-12-31,27,58.48,0.3299976954742392
JPM,2014-12-31,33,62.580002,0.07010947332421358
JPM,2015-12-31,34,66.029999,0.055129384623541666
JWN,2013-02-02,11,NA,NA
JWN,2014-02-01,11,NA,NA
JWN,2015-01-31,10,NA,NA
JWN,2016-01-30,8,NA,NA
K,2012-12-29,11,NA,NA
K,2013-12-28,19,NA,NA
K,2015-01-03,7,NA,NA
K,2016-01-02,8,NA,NA
KEY,2013-09-30,2,11.4,NA
KEY,2014-09-30,4,13.33,0.16929824561403506
KEY,2015-09-30,3,13.01,-0.02400600150037513
KEY,2016-09-30,3,12.17,-0.06456571867794003
KIM,2012-12-31,29,19.32,NA
KIM,2013-12-31,29,19.75,0.02225672877846785
KIM,2014-12-31,31,25.139999,0.2729113417721518
KIM,2015-12-31,29,26.459999,0.052505968675655046
KLAC,2013-06-30,26,NA,NA
KLAC,2014-06-30,26,72.639999,NA
KLAC,2015-06-30,24,56.209999,-0.2261839238186113
KLAC,2016-06-30,32,73.25,0.30314892907221
KMB,2013-12-31,15,100.153395014,NA
KMB,2014-12-31,13,115.540001,0.15363039848872995
KMB,2015-12-31,9,127.300003,0.10178294874690197
KMB,2016-12-31,18,NA,NA
KMI,2013-12-31,28,36,NA
KMI,2014-12-31,27,42.310001,0.1752778055555555
KMI,2015-12-31,17,14.92,-0.6473646975333326
KMI,2016-12-31,27,NA,NA
KMX,2013-02-28,7,38.41,NA
KMX,2014-02-28,7,48.43,0.26086956521739135
KMX,2015-02-28,7,NA,NA
KMX,2016-02-29,7,46.259998,NA
KO,2012-12-31,22,36.25,NA
KO,2013-12-31,22,41.310001,0.13958623448275853
KO,2014-12-31,21,42.220001,0.02202856397897457
KO,2015-12-31,20,42.959999,0.017527190489645017
KORS,2013-03-30,29,NA,NA
KORS,2014-03-29,30,NA,NA
KORS,2015-03-28,29,NA,NA
KORS,2016-04-02,25,NA,NA
KR,2013-02-02,3,NA,NA
KR,2014-02-01,3,NA,NA
KR,2015-01-31,3,NA,NA
KR,2016-01-30,3,NA,NA
KSS,2013-02-02,10,NA,NA
KSS,2014-02-01,9,NA,NA
KSS,2015-01-31,9,NA,NA
KSS,2016-01-30,8,NA,NA
KSU,2013-12-31,31,123.830002,NA
KSU,2014-12-31,31,122.029999,-0.014536081490170605
KSU,2015-12-31,33,74.669998,-0.38810129794395876
KSU,2016-12-31,35,NA,NA
LB,2013-02-02,15,NA,NA
LB,2014-02-01,16,NA,NA
LB,2015-01-31,17,NA,NA
LB,2016-01-30,18,NA,NA
LEG,2012-12-31,10,27.219999,NA
LEG,2013-12-31,8,30.940001,0.13666429598325847
LEG,2014-12-31,9,42.610001,0.3771816296967798
LEG,2015-12-31,12,42.02,-0.013846538046314416
LEN,2013-11-30,12,NA,NA
LEN,2014-11-30,12,NA,NA
LEN,2015-11-30,11,51.209999,NA
LEN,2016-11-30,12,42.540001,-0.16930283478427732
LH,2012-12-31,18,86.620003,NA
LH,2013-12-31,17,91.370003,0.05483721814232667
LH,2014-12-31,15,107.900002,0.1809127553602028
LH,2015-12-31,12,123.639999,0.14587578042862326
LKQ,2012-12-31,11,21.1,NA
LKQ,2013-12-31,10,32.900002,0.5592418009478672
LKQ,2014-12-31,10,28.120001,-0.1452887753623845
LKQ,2015-12-31,10,29.629999,0.05369836224401281
LLL,2012-12-31,10,76.620003,NA
LLL,2013-12-31,10,106.860001,0.394674978021079
LLL,2014-12-31,9,126.209999,0.18107802563093744
LLL,2015-12-31,5,119.510002,-0.05308610294815075
LLTC,2013-06-30,45,NA,NA
LLTC,2014-06-29,46,NA,NA
LLTC,2015-06-28,46,NA,NA
LLTC,2016-07-03,44,NA,NA
LLY,2012-12-31,24,49.32,NA
LLY,2013-12-31,25,51,0.03406326034063256
LLY,2014-12-31,15,68.989998,0.35274505882352947
LLY,2015-12-31,14,84.260002,0.2213364899648207
LMT,2013-12-31,10,148.660004,NA
LMT,2014-12-31,13,192.570007,0.2953720020080184
LMT,2015-12-31,12,217.149994,0.12764182430548487
LMT,2016-12-31,12,NA,NA
LNT,2012-12-31,17,21.955,NA
LNT,2013-12-31,16,25.799999,0.1751309041220679
LNT,2014-12-31,16,33.209999,0.2872093134577254
LNT,2015-12-31,18,31.2250005,-0.05977110989976253
LOW,2013-02-01,7,38.560001,NA
LOW,2014-01-31,8,46.290001,0.20046679978042525
LOW,2015-01-30,9,67.760002,0.46381509043389313
LOW,2016-01-29,8,71.660004,0.05755610810046918
LRCX,2013-06-30,3,NA,NA
LRCX,2014-06-29,15,NA,NA
LRCX,2015-06-28,15,NA,NA
LRCX,2016-06-26,18,NA,NA
LUK,2012-12-31,2,23.1645589094,NA
LUK,2013-12-31,4,28.34,0.22342066217802437
LUK,2014-12-31,4,22.42,-0.20889202540578677
LUK,2015-12-31,4,17.389999,-0.2243533006244426
LUV,2013-12-31,7,18.84,NA
LUV,2014-12-31,12,42.32,1.246284501061571
LUV,2015-12-31,21,43.060001,0.017485845935727884
LUV,2016-12-31,18,NA,NA
LVLT,2012-12-31,9,23.110001,NA
LVLT,2013-12-31,11,33.169998,0.43530924122417813
LVLT,2014-12-31,15,49.380001,0.4886947234666701
LVLT,2015-12-31,16,54.360001,0.10085054473773702
LYB,2012-12-31,10,57.09,NA
LYB,2013-12-31,12,80.279999,0.4062007181643019
LYB,2014-12-31,13,79.389999,-0.011086198444023365
LYB,2015-12-31,19,86.900002,0.0945963357424906
M,2013-02-02,10,NA,NA
M,2014-02-01,10,NA,NA
M,2015-01-31,10,NA,NA
M,2016-01-30,8,NA,NA
MA,2013-12-31,54,83.5459976,NA
MA,2014-12-31,54,86.160004,0.03128823013778925
MA,2015-12-31,53,97.360001,0.12999067409514042
MA,2016-12-31,53,NA,NA
MAA,2012-12-31,26,64.75,NA
MAA,2013-12-31,18,60.740002,-0.06193047104247107
MAA,2014-12-31,23,74.68,0.2295027583304987
MAA,2015-12-31,28,90.809998,0.21598818960899813
MAC,2012-12-31,20,58.299999,NA
MAC,2013-12-31,21,58.889999,0.010120068784220893
MAC,2014-12-31,23,83.410004,0.41636959443656973
MAC,2015-12-31,23,80.690002,-0.03261002121520096
MAR,2012-12-31,8,37.27,NA
MAR,2013-12-31,8,49.349998,0.3241212235041586
MAR,2014-12-31,8,78.029999,0.5811550590133763
MAR,2015-12-31,9,67.040001,-0.1408432415845603
MAS,2013-12-31,9,20.0087873462,NA
MAS,2014-12-31,10,22.1441133568,0.10671941150924047
MAS,2015-12-31,13,28.299999,0.27799196761741896
MAS,2016-12-31,14,NA,NA
MAT,2012-12-31,16,36.619999,NA
MAT,2013-12-31,18,47.580002,0.2992900955568021
MAT,2014-12-31,11,30.950001,-0.3495166099404535
MAT,2015-12-31,9,27.17,-0.12213250009264942
MCD,2012-12-31,31,88.209999,NA
MCD,2013-12-31,31,97.029999,0.09998866455037603
MCD,2014-12-31,29,93.699997,-0.03431930366195313
MCD,2015-12-31,28,118.139999,0.26083247366592777
MCHP,2013-03-31,11,NA,NA
MCHP,2014-03-31,24,47.759998,NA
MCHP,2015-03-31,20,48.900002,0.023869431485319614
MCHP,2016-03-31,16,48.200001,-0.014314948289777196
MCK,2013-03-31,2,NA,NA
MCK,2014-03-31,2,176.570007,NA
MCK,2015-03-31,2,226.199997,0.2810782580985003
MCK,2016-03-31,2,157.25,-0.30481873525400616
MCO,2012-12-31,39,50.32,NA
MCO,2013-12-31,42,78.470001,0.5594197337042925
MCO,2014-12-31,43,95.809998,0.22097612818942114
MCO,2015-12-31,42,100.339996,0.0472810572441511
MDLZ,2012-12-31,10,25.450001,NA
MDLZ,2013-12-31,11,35.299999,0.3870333050281609
MDLZ,2014-12-31,9,36.330002,0.02917855606738118
MDLZ,2015-12-31,30,44.84,0.23424160560189344
MET,2012-12-31,2,32.939999,NA
MET,2013-12-31,6,53.919998,0.6369155931061199
MET,2014-12-31,12,54.09,0.003152856200031806
MET,2015-12-31,11,48.209999,-0.10870772786097249
MHK,2012-12-31,7,90.470001,NA
MHK,2013-12-31,7,148.899994,0.6458493683447621
MHK,2014-12-31,10,155.360001,0.043384870787839036
MHK,2015-12-31,10,189.389999,0.219039635562309
MJN,2012-12-31,22,65.889999,NA
MJN,2013-12-31,24,83.760002,0.271209641390342
MJN,2014-12-31,22,100.540001,0.20033427172076723
MJN,2015-12-31,24,78.949997,-0.2147404394794069
MKC,2013-11-30,13,NA,NA
MKC,2014-11-30,14,NA,NA
MKC,2015-11-30,13,85.919998,NA
MKC,2016-11-30,15,91.199997,0.06145250375820521
MLM,2012-12-31,8,94.279999,NA
MLM,2013-12-31,10,99.940002,0.06003397390786991
MLM,2014-12-31,11,110.32,0.10386229529993396
MLM,2015-12-31,14,136.580002,0.23803482596084136
MMC,2012-12-31,15,34.470001,NA
MMC,2013-12-31,17,48.360001,0.402959083174961
MMC,2014-12-31,18,57.240002,0.18362284566536724
MMC,2015-12-31,19,55.450001,-0.031271854253254516
MMM,2013-12-31,22,140.25,NA
MMM,2014-12-31,22,164.320007,0.1716221532976827
MMM,2015-12-31,23,150.639999,-0.08325223598609033
MMM,2016-12-31,24,NA,NA
MNST,2012-12-31,27,17.6133333333,NA
MNST,2013-12-31,26,22.589999,0.2825510408805496
MNST,2014-12-31,30,36.116665,0.598790022080125
MNST,2015-12-31,33,49.6533316666,0.37480389362085353
MO,2012-12-31,29,31.440001,NA
MO,2013-12-31,33,38.389999,0.22105590899949412
MO,2014-12-31,31,49.27,0.28340717070609966
MO,2015-12-31,33,58.209999,0.18144913740612956
MON,2013-08-31,24,NA,NA
MON,2014-08-31,26,NA,NA
MON,2015-08-31,23,97.650002,NA
MON,2016-08-31,18,106.5,0.0906297779696923
MOS,2013-05-31,22,60.82,NA
MOS,2014-12-31,14,45.650002,-0.24942449852022364
MOS,2015-12-31,14,27.59,-0.3956188654712436
MOS,2016-12-31,4,NA,NA
MPC,2012-12-31,6,NA,NA
MPC,2013-12-31,3,45.8650015,NA
MPC,2014-12-31,4,45.130001,-0.016025301994157748
MPC,2015-12-31,6,51.84,0.1486815610750818
MRK,2012-12-31,19,40.939999,NA
MRK,2013-12-31,14,50.049999,0.22252076752615446
MRK,2014-12-31,13,56.790001,0.1346653773159916
MRK,2015-12-31,18,52.82,-0.06990669008792583
MRO,2012-12-31,23,30.66,NA
MRO,2013-12-31,20,35.299999,0.1513372146118721
MRO,2014-12-31,11,28.290001,-0.19858351837347077
MRO,2015-12-31,55,12.59,-0.5549664349605361
MSFT,2013-06-30,34,NA,NA
MSFT,2014-06-30,32,41.700001,NA
MSFT,2015-06-30,19,44.150002,0.05875302017378847
MSFT,2016-06-30,24,51.169998,0.15900329970539984
MTB,2012-12-31,0,98.470001,NA
MTB,2013-12-31,0,116.419998,0.18228898971982344
MTB,2014-12-31,0,125.620003,0.07902426694767661
MTB,2015-12-31,0,121.18,-0.03534471337339473
MTD,2013-12-31,18,242.589996,NA
MTD,2014-12-31,19,302.459991,0.2467949873744999
MTD,2015-12-31,20,339.130005,0.12123922201664006
MTD,2016-12-31,22,NA,NA
MU,2013-08-29,3,13.57,NA
MU,2014-08-28,19,32.810001,1.4178335298452467
MU,2015-09-03,19,16.59,-0.4943614905711219
MU,2016-09-01,1,16.639999,0.003013803496082046
MUR,2012-12-31,30,51.4248696028,NA
MUR,2013-12-31,28,64.879997,0.2616463104549591
MUR,2014-12-31,23,50.52,-0.22133165326749316
MUR,2015-12-31,120,22.450001,-0.5556215162311956
MYL,2014-12-31,18,56.369999,NA
MYL,2015-12-31,15,54.07,-0.040801827936878254
NAVI,2013-12-31,0,NA,NA
NAVI,2014-12-31,0,NA,NA
NAVI,2015-12-31,0,11.45,NA
NBL,2013-12-31,33,68.110001,NA
NBL,2014-12-31,18,47.43,-0.3036264967900969
NBL,2015-12-31,78,32.93,-0.3057136833227915
NBL,2016-12-31,37,NA,NA
NDAQ,2012-12-31,20,24.99,NA
NDAQ,2013-12-31,19,39.799999,0.5926370148059223
NDAQ,2014-12-31,19,47.959999,0.2050251307795259
NDAQ,2015-12-31,18,58.169998,0.2128857217032052
NEE,2012-12-31,23,69.190002,NA
NEE,2013-12-31,21,85.620003,0.23746206858037078
NEE,2014-12-31,26,106.290001,0.24141552529494792
NEE,2015-12-31,26,103.889999,-0.02257975329212769
NEM,2012-12-31,31,46.439999,NA
NEM,2013-12-31,43,23.030001,-0.5040912683912848
NEM,2014-12-31,10,18.9,-0.17933134262564732
NEM,2015-12-31,15,17.99,-0.04814814814814816
NFLX,2013-12-31,5,52.5957145714,NA
NFLX,2014-12-31,7,48.8014297142,-0.07214057054114487
NFLX,2015-12-31,5,114.379997,1.343783730719641
NFLX,2016-12-31,4,NA,NA
NFX,2012-12-31,87,26.780001,NA
NFX,2013-12-31,24,24.629999,-0.08028386556072187
NFX,2014-12-31,25,27.120001,0.10109630942331727
NFX,2015-12-31,325,32.560001,0.2005899631050898
NKE,2013-05-31,13,30.83,NA
NKE,2014-05-31,13,NA,NA
NKE,2015-05-31,14,NA,NA
NKE,2016-05-31,14,55.220001,NA
NLSN,2013-12-31,15,45.889999,NA
NLSN,2014-12-31,17,44.73,-0.025277817068595
NLSN,2015-12-31,18,46.599998,0.04180634920634918
NLSN,2016-12-31,18,NA,NA
NOV,2012-12-31,20,61.632097385,NA
NOV,2013-12-31,17,71.7132470694,0.16356979742918076
NOV,2014-12-31,17,65.529999,-0.08622183936834149
NOV,2015-12-31,3,33.490002,-0.48893632670435416
NSC,2013-12-31,29,92.830002,NA
NSC,2014-12-31,31,109.610001,0.18076051533425597
NSC,2015-12-31,27,84.589996,-0.22826388807349796
NSC,2016-12-31,31,NA,NA
NTAP,2013-04-26,10,34.869999,NA
NTAP,2014-04-25,12,35,0.00372816185053515
NTAP,2015-04-24,12,36.119999,0.03199997142857147
NTAP,2016-04-29,6,23.639999,-0.34551495973186486
NTRS,2012-12-31,0,50.16,NA
NTRS,2013-12-31,0,61.889999,0.2338516547049443
NTRS,2014-12-31,0,67.400002,0.08902897219306793
NTRS,2015-12-31,0,72.089996,0.06958447864734474
NUE,2012-12-31,5,43.16,NA
NUE,2013-12-31,5,53.380001,0.23679335032437443
NUE,2014-12-31,6,49.049999,-0.0811165589899483
NUE,2015-12-31,5,40.299999,-0.17838940220977373
NVDA,2013-01-27,15,NA,NA
NVDA,2014-01-26,12,NA,NA
NVDA,2015-01-25,16,NA,NA
NVDA,2016-01-31,15,NA,NA
NWL,2012-12-31,12,22.27,NA
NWL,2013-12-31,11,32.41,0.4553210597215984
NWL,2014-12-31,11,38.09,0.1752545510644865
NWL,2015-12-31,10,44.080002,0.15725917563664993
NWS,2013-06-30,18,NA,NA
NWS,2014-06-30,4,17.450001,NA
NWS,2015-06-30,4,14.24,-0.1839542014925959
NWS,2016-06-30,1,11.67,-0.1804775280898877
NWSA,2013-06-30,18,NA,NA
NWSA,2014-06-30,4,17.940001,NA
NWSA,2015-06-30,4,14.59,-0.18673360163134878
NWSA,2016-06-30,1,11.35,-0.2220699108978753
O,2012-12-31,80,40.209999,NA
O,2013-12-31,70,37.330002,-0.07162390130872676
O,2014-12-31,71,47.709999,0.27806044585799916
O,2015-12-31,72,51.630001,0.08216311218115924
OKE,2012-12-31,9,37.4277727193,NA
OKE,2013-12-31,7,54.4388005603,0.4545028091460033
OKE,2014-12-31,9,49.790001,-0.08539496668650315
OKE,2015-12-31,13,24.66,-0.5047198332050646
OMC,2013-12-31,13,74.370003,NA
OMC,2014-12-31,13,77.470001,0.04168344594526907
OMC,2015-12-31,13,75.660004,-0.023363843767086
OMC,2016-12-31,13,NA,NA
ORLY,2012-12-31,16,89.419998,NA
ORLY,2013-12-31,17,128.710007,0.4393872721849086
ORLY,2014-12-31,18,192.619995,0.4965424949436916
ORLY,2015-12-31,19,253.419998,0.31564741240908045
OXY,2012-12-31,31,73.5220758158,NA
OXY,2013-12-31,33,91.2667975048,0.24135229442456296
OXY,2014-12-31,7,80.610001,-0.11676531658996281
OXY,2015-12-31,78,67.610001,-0.16127031185621743
PAYX,2013-05-31,39,37.23,NA
PAYX,2014-05-31,39,NA,NA
PAYX,2015-05-31,38,NA,NA
PAYX,2016-05-31,39,54.220001,NA
PBCT,2012-12-31,0,12.09,NA
PBCT,2013-12-31,0,15.12,0.250620347394541
PBCT,2014-12-31,0,15.18,0.003968253968253954
PBCT,2015-12-31,0,16.15,0.06389986824769434
PBI,2012-12-31,16,10.64,NA
PBI,2013-12-31,14,23.299999,1.189849530075188
PBI,2014-12-31,15,24.370001,0.045922834588962846
PBI,2015-12-31,17,20.65,-0.15264673152865282
PCAR,2012-12-31,8,45.209999,NA
PCAR,2013-12-31,8,59.169998,0.30878122779874406
PCAR,2014-12-31,9,68.010002,0.14940010645259783
PCAR,2015-12-31,11,47.400002,-0.30304366113678394
PCG,2013-12-31,11,40.279999,NA
PCG,2014-12-31,14,53.240002,0.32174784810694756
PCG,2015-12-31,9,53.189999,-9.391998144552272e-4
PCG,2016-12-31,12,NA,NA
PCLN,2012-12-31,35,620.390015,NA
PCLN,2013-12-31,36,1162.400024,0.873660110406516
PCLN,2014-12-31,36,1140.209961,-0.01908986798162693
PCLN,2015-12-31,35,1274.949951,0.11817120934624081
PDCO,2013-04-27,10,NA,NA
PDCO,2014-04-26,8,NA,NA
PDCO,2015-04-25,8,NA,NA
PDCO,2016-04-30,6,NA,NA
PEG,2012-12-31,23,30.6,NA
PEG,2013-12-31,23,32.040001,0.04705885620915007
PEG,2014-12-31,24,41.41,0.2924469009848034
PEG,2015-12-31,28,38.689999,-0.0656846413909683
PEP,2013-12-28,15,NA,NA
PEP,2014-12-27,14,NA,NA
PEP,2015-12-26,13,NA,NA
PEP,2016-12-31,16,NA,NA
PFE,2012-12-31,28,25.08,NA
PFE,2013-12-31,29,30.629999,0.22129182615629994
PFE,2014-12-31,27,31.15,0.016976853312988816
PFE,2015-12-31,24,32.279999,0.03627605136436585
PFG,2013-12-31,12,49.310001,NA
PFG,2014-12-31,14,51.939999,0.0533359956735755
PFG,2015-12-31,12,44.98,-0.1340007534462987
PFG,2016-12-31,13,NA,NA
PG,2013-12-31,35,81.410004,NA
PG,2014-12-31,29,91.089996,0.11890420739937557
PG,2015-12-31,31,79.410004,-0.1282247503886157
PG,2016-12-31,27,NA,NA
PGR,2012-12-31,8,21.1,NA
PGR,2013-12-31,9,27.27,0.2924170616113744
PGR,2014-12-31,10,26.99,-0.010267693436010306
PGR,2015-12-31,9,31.799999,0.1782141163393851
PH,2013-06-30,11,NA,NA
PH,2014-06-30,9,125.730003,NA
PH,2015-06-30,12,116.330002,-0.074763388019644
PH,2016-06-30,10,108.050003,-0.07117681473090653
PHM,2013-12-31,11,20.370001,NA
PHM,2014-12-31,12,21.459999,0.05350996300883848
PHM,2015-12-31,14,17.82,-0.1696178550614098
PHM,2016-12-31,13,NA,NA
PKI,2012-12-30,5,NA,NA
PKI,2013-12-29,11,NA,NA
PKI,2014-12-28,9,NA,NA
PKI,2016-01-03,13,NA,NA
PM,2013-12-31,17,87.129997,NA
PM,2014-12-31,15,81.449997,-0.06518994830219038
PM,2015-12-31,14,87.910004,0.07931255049647223
PM,2016-12-31,14,NA,NA
PNC,2012-12-31,0,58.310001,NA
PNC,2013-12-31,0,77.580002,0.33047505864388493
PNC,2014-12-31,0,91.230003,0.17594741748008724
PNC,2015-12-31,0,95.309998,0.04472207460083055
PNR,2012-12-31,0,49.150002,NA
PNR,2013-12-31,11,77.669998,0.580264391443972
PNR,2014-12-31,12,66.419998,-0.14484357267525616
PNR,2015-12-31,3,49.529999,-0.254290868843447
PNW,2012-12-31,26,50.98,NA
PNW,2013-12-31,24,52.919998,0.038054099646920525
PNW,2014-12-31,23,68.309998,0.29081633752140346
PNW,2015-12-31,24,64.480003,-0.05606785407898851
PPG,2013-12-31,10,94.830002,NA
PPG,2014-12-31,10,115.574997,0.21875982877233313
PPG,2015-12-31,12,98.82,-0.14497077598885855
PPG,2016-12-31,6,NA,NA
PPL,2012-12-31,25,28.629999,NA
PPL,2013-12-31,35,30.09,0.05099549601800546
PPL,2014-12-31,37,36.330002,0.2073779328680625
PPL,2015-12-31,37,34.130001,-0.06055603850503499
PRU,2012-12-31,1,53.330002,NA
PRU,2013-12-31,4,92.220001,0.7292330309681967
PRU,2014-12-31,3,90.459999,-0.019084818704350304
PRU,2015-12-31,14,81.410004,-0.10004416427198937
PSX,2012-12-31,2,NA,NA
PSX,2013-12-31,1,77.129997,NA
PSX,2014-12-31,2,71.699997,-0.07040062506420175
PSX,2015-12-31,4,81.800003,0.14086480366240473
PVH,2013-02-03,11,NA,NA
PVH,2014-02-02,7,NA,NA
PVH,2015-02-01,7,NA,NA
PVH,2016-01-31,9,NA,NA
PWR,2012-12-31,8,27.290001,NA
PWR,2013-12-31,7,31.559999,0.15646749151823047
PWR,2014-12-31,6,28.389999,-0.10044360267565289
PWR,2015-12-31,3,20.25,-0.2867206511701532
PX,2012-12-31,22,109.449997,NA
PX,2013-12-31,22,130.029999,0.18803108784004818
PX,2014-12-31,21,129.559998,-0.0036145582066796633
PX,2015-12-31,22,102.400002,-0.20963257501748345
PYPL,2014-12-31,16,NA,NA
PYPL,2015-12-31,16,36.200001,NA
PYPL,2016-12-31,15,NA,NA
QCOM,2013-09-29,29,NA,NA
QCOM,2014-09-28,29,NA,NA
QCOM,2015-09-27,23,NA,NA
QCOM,2016-09-25,28,NA,NA
QRVO,2014-03-29,2,NA,NA
QRVO,2015-03-28,7,NA,NA
QRVO,2016-04-02,0,NA,NA
R,2013-12-31,6,73.779999,NA
R,2014-12-31,5,92.849998,0.2584711203370984
R,2015-12-31,8,56.830002,-0.3879374989324178
R,2016-12-31,8,NA,NA
RCL,2012-12-31,5,34,NA
RCL,2013-12-31,10,47.419998,0.39470582352941186
RCL,2014-12-31,12,82.43,0.7382961509192811
RCL,2015-12-31,11,101.209999,0.22782966153099582
REGN,2013-12-31,35,275.23999,NA
REGN,2014-12-31,29,410.25,0.4905174208151948
REGN,2015-12-31,31,542.869995,0.32326628884826336
REGN,2016-12-31,27,NA,NA
RHI,2013-12-31,9,41.990002,NA
RHI,2014-12-31,11,58.380001,0.39033098879109374
RHI,2015-12-31,11,47.139999,-0.19253171989496876
RHI,2016-12-31,11,NA,NA
RHT,2013-02-28,15,50.810001,NA
RHT,2014-02-28,15,58.990002,0.1609919472349548
RHT,2015-02-28,14,NA,NA
RHT,2016-02-29,14,65.349998,NA
RL,2013-03-30,16,NA,NA
RL,2014-03-29,15,NA,NA
RL,2015-03-28,14,NA,NA
RL,2016-04-02,8,NA,NA
ROK,2013-09-30,16,106.940002,NA
ROK,2014-09-30,18,109.879997,0.02749200434838217
ROK,2015-09-30,19,101.470001,-0.07653800718614878
ROK,2016-09-30,17,122.339996,0.20567650334407706
ROP,2012-12-31,25,111.480003,NA
ROP,2013-12-31,26,138.679993,0.2439898570867458
ROP,2014-12-31,28,156.350006,0.1274157332846131
ROP,2015-12-31,29,189.789993,0.21387902601039865
ROST,2013-02-02,13,NA,NA
ROST,2014-02-01,13,NA,NA
ROST,2015-01-31,13,NA,NA
ROST,2016-01-30,14,NA,NA
RRC,2012-12-31,8,62.830002,NA
RRC,2013-12-31,17,84.309998,0.3418748259788371
RRC,2014-12-31,27,53.450001,-0.36603010001257497
RRC,2015-12-31,74,24.610001,-0.5395696812054316
RSG,2013-12-31,14,33.200001,NA
RSG,2014-12-31,14,40.25,0.21234936107381452
RSG,2015-12-31,17,43.990002,0.09291930434782603
RSG,2016-12-31,16,NA,NA
SBUX,2013-09-29,2,NA,NA
SBUX,2014-09-28,19,NA,NA
SBUX,2015-09-27,19,NA,NA
SBUX,2016-10-02,20,NA,NA
SCG,2012-12-31,21,45.639999,NA
SCG,2013-12-31,20,46.93,0.028264702635072192
SCG,2014-12-31,20,60.400002,0.28702326869806094
SCG,2015-12-31,30,60.490002,0.0014900661758254774
SCHW,2012-12-31,30,14.36,NA
SCHW,2013-12-31,31,26,0.8105849582172702
SCHW,2014-12-31,35,30.190001,0.1611538846153846
SCHW,2015-12-31,36,32.93,0.0907584931845482
SE,2012-12-31,31,27.379999,NA
SE,2013-12-31,30,35.619999,0.3009496092384809
SE,2014-12-31,33,36.299999,0.019090399188388618
SE,2015-12-31,27,23.940001,-0.3404958220522265
SEE,2013-12-31,8,34.049999,NA
SEE,2014-12-31,8,42.43,0.24610870032624677
SEE,2015-12-31,11,44.599998,0.05114301201979732
SEE,2016-12-31,12,NA,NA
SHW,2012-12-31,10,153.820007,NA
SHW,2013-12-31,11,183.5,0.19295274768775683
SHW,2014-12-31,12,263.040009,0.4334605395095368
SHW,2015-12-31,14,259.600006,-0.013077869838424405
SIG,2013-02-02,14,NA,NA
SIG,2014-02-01,14,NA,NA
SIG,2015-02-02,10,121.360001,NA
SIG,2016-01-30,11,NA,NA
SJM,2013-04-30,15,103.230003,NA
SJM,2014-04-30,16,96.68,-0.06345057453887692
SJM,2015-04-30,14,115.919998,0.199007012825817
SJM,2016-04-30,15,NA,NA
SLG,2012-12-31,29,76.650002,NA
SLG,2013-12-31,31,92.379997,0.20521845518020987
SLG,2014-12-31,32,119.019997,0.28837411631437915
SLG,2015-12-31,24,112.980003,-0.05074772435089214
SNA,2013-12-31,18,109.519997,NA
SNA,2015-01-03,20,NA,NA
SNA,2016-01-02,21,NA,NA
SNA,2016-12-31,23,NA,NA
SNI,2012-12-31,40,57.919998,NA
SNI,2013-12-31,38,86.410004,0.4918854796921781
SNI,2014-12-31,37,75.269997,-0.1289203388996487
SNI,2015-12-31,37,55.209999,-0.2665072246515434
SO,2012-12-31,27,42.810001,NA
SO,2013-12-31,19,41.110001,-0.039710347121926115
SO,2014-12-31,20,49.110001,0.19459984931647178
SO,2015-12-31,24,46.790001,-0.04724088684095118
SPG,2012-12-31,47,148.720590781,NA
SPG,2013-12-31,48,143.142039511,-0.03751028180230098
SPG,2014-12-31,49,182.110001,0.27223282288083817
SPG,2015-12-31,51,194.440002,0.06770633645760049
SPGI,2013-12-31,29,78.199997,NA
SPGI,2014-12-31,2,88.980003,0.13785174441886494
SPGI,2015-12-31,36,98.580002,0.10788939847529555
SPGI,2016-12-31,60,NA,NA
SPLS,2013-02-02,2,NA,NA
SPLS,2014-02-01,5,NA,NA
SPLS,2015-01-31,1,NA,NA
SPLS,2016-01-30,3,NA,NA
SRCL,2012-12-31,25,93.279999,NA
SRCL,2013-12-31,25,116.169998,0.24539021489483503
SRCL,2014-12-31,22,131.080002,0.12834642555472886
SRCL,2015-12-31,16,120.599998,-0.07995120415088186
SRE,2012-12-31,16,70.940002,NA
SRE,2013-12-31,16,89.760002,0.2652946076883391
SRE,2014-12-31,16,111.360001,0.24064169472723496
SRE,2015-12-31,19,94.010002,-0.15580099536816627
STI,2012-12-31,0,28.35,NA
STI,2013-12-31,0,36.810001,0.2984127336860669
STI,2014-12-31,0,41.900002,0.13827766535513009
STI,2015-12-31,0,42.84,0.022434318738218773
STT,2013-12-31,0,73.389999,NA
STT,2014-12-31,0,78.5,0.06962802929047585
STT,2015-12-31,0,66.360001,-0.1546496687898089
STT,2016-12-31,0,NA,NA
STX,2013-06-28,15,44.830002,NA
STX,2014-06-27,13,56.919998,0.2696853772168022
STX,2015-07-03,15,NA,NA
STX,2016-07-01,4,24.030001,NA
STZ,2013-02-28,19,44.240002,NA
STZ,2014-02-28,50,81.029999,0.8316002562567699
STZ,2015-02-28,25,NA,NA
STZ,2016-02-29,27,141.429993,NA
SWK,2013-12-28,7,NA,NA
SWK,2015-01-03,11,NA,NA
SWK,2016-01-02,12,NA,NA
SWK,2016-12-31,12,NA,NA
SWKS,2013-09-27,19,24.77,NA
SWKS,2014-10-03,25,55.25,1.230520791279774
SWKS,2015-10-02,31,84.059998,0.5214479276018098
SWKS,2016-09-30,34,76.139999,-0.09421840576298834
SWN,2012-12-31,40,33.41,NA
SWN,2013-12-31,36,39.330002,0.17719251721041607
SWN,2014-12-31,34,27.290001,-0.30612764779417
SWN,2015-12-31,208,7.11,-0.7394650150434219
SYF,2012-12-31,0,NA,NA
SYF,2013-12-31,0,NA,NA
SYF,2014-12-31,0,NA,NA
SYF,2015-12-31,0,30.41,NA
SYK,2013-12-31,14,75.139999,NA
SYK,2014-12-31,13,94.330002,0.25538998210526986
SYK,2015-12-31,19,92.940002,-0.014735502708883463
SYK,2016-12-31,19,NA,NA
SYMC,2013-03-29,16,NA,NA
SYMC,2014-03-28,3,19.790001,NA
SYMC,2015-04-03,4,NA,NA
SYMC,2016-04-01,13,18.41,NA
SYY,2013-06-29,4,NA,NA
SYY,2014-06-28,3,NA,NA
SYY,2015-06-27,3,NA,NA
SYY,2016-07-02,4,NA,NA
T,2012-12-31,10,33.709999,NA
T,2013-12-31,24,35.16,0.04301397339109947
T,2014-12-31,9,33.59,-0.04465301478953332
T,2015-12-31,17,34.41,0.024412027389103752
TAP,2013-12-31,19,56.150002,NA
TAP,2014-12-31,18,74.519997,0.3271592937788319
TAP,2015-12-31,15,93.919998,0.2603328204642843
TAP,2016-12-31,68,NA,NA
TDC,2012-12-31,22,61.889999,NA
TDC,2013-12-31,20,45.490002,-0.26498622176419817
TDC,2014-12-31,18,43.68,-0.039789006823960915
TDC,2015-12-31,8,26.42,-0.3951465201465201
TDG,2013-09-30,39,138.699997,NA
TDG,2014-09-30,39,184.330002,0.32898346061247574
TDG,2015-09-30,40,212.410004,0.15233549446823091
TDG,2016-09-30,40,289.119995,0.36114114003782993
TEL,2013-09-27,12,51.959999,NA
TEL,2014-09-26,15,58.799999,0.13163972539722324
TEL,2015-09-25,14,58.419998,-0.006462602150724472
TEL,2016-09-30,16,64.379997,0.10201984258883412
TGNA,2012-12-30,15,NA,NA
TGNA,2013-12-29,19,NA,NA
TGNA,2014-12-31,27,31.93,NA
TGNA,2015-12-31,30,25.52,-0.20075164422173508
TGT,2013-02-02,8,NA,NA
TGT,2014-02-01,7,NA,NA
TGT,2015-01-31,6,NA,NA
TGT,2016-01-30,7,NA,NA
TIF,2013-01-31,18,65.75,NA
TIF,2014-01-31,8,83.190002,0.26524717870722436
TIF,2015-01-31,21,NA,NA
TIF,2016-01-31,19,NA,NA
TJX,2013-02-02,12,NA,NA
TJX,2014-02-01,12,NA,NA
TJX,2015-01-31,12,NA,NA
TJX,2016-01-30,12,NA,NA
TMK,2012-12-31,21,34.4466706667,NA
TMK,2013-12-31,22,52.0999986667,0.5124828512691557
TMK,2014-12-31,22,54.169998,0.03973127420870837
TMK,2015-12-31,20,57.16,0.05519664224466081
TMO,2012-12-31,12,63.779999,NA
TMO,2013-12-31,12,111.349998,0.7458450885206191
TMO,2014-12-31,15,125.290001,0.12519086888533226
TMO,2015-12-31,14,141.850006,0.13217339666235617
TRIP,2012-12-31,39,NA,NA
TRIP,2013-12-31,31,82.830002,NA
TRIP,2014-12-31,27,74.660004,-0.09863573346285803
TRIP,2015-12-31,16,85.25,0.14184296052274514
TRV,2013-12-31,19,90.540001,NA
TRV,2014-12-31,19,105.849998,0.16909649691742312
TRV,2015-12-31,18,112.860001,0.06622582080728989
TRV,2016-12-31,15,NA,NA
TSCO,2012-12-29,9,NA,NA
TSCO,2013-12-28,10,NA,NA
TSCO,2014-12-27,10,NA,NA
TSCO,2015-12-26,10,NA,NA
TSN,2013-10-03,4,28.23,NA
TSN,2014-10-03,4,41.700001,0.47715200141693237
TSN,2015-10-03,5,NA,NA
TSN,2016-10-01,8,NA,NA
TSO,2012-12-31,5,44.049999,NA
TSO,2013-12-31,2,58.5,0.3280363525093384
TSO,2014-12-31,4,74.349998,0.2709401367521367
TSO,2015-12-31,10,105.370003,0.4172159493534888
TSS,2012-12-31,20,21.42,NA
TSS,2013-12-31,19,33.279999,0.5536880952380949
TSS,2014-12-31,18,33.959999,0.020432692921655615
TSS,2015-12-31,19,49.799999,0.4664311091410809
TXN,2012-12-31,15,30.889999,NA
TXN,2013-12-31,23,43.91,0.4214956756715984
TXN,2014-12-31,30,53.470001,0.2177180824413576
TXN,2015-12-31,33,54.810001,0.025060781278085198
TXT,2012-12-29,9,NA,NA
TXT,2013-12-28,7,NA,NA
TXT,2015-01-03,8,NA,NA
TXT,2016-01-02,8,NA,NA
UA,2012-12-31,11,NA,NA
UA,2013-12-31,11,NA,NA
UA,2014-12-31,11,NA,NA
UA,2015-12-31,10,NA,NA
UAA,2012-12-31,11,48.529999,NA
UAA,2013-12-31,11,87.300003,0.7988873850996785
UAA,2014-12-31,11,67.900002,-0.22222222604047337
UAA,2015-12-31,10,80.610001,0.18718701952320993
UAL,2012-12-31,0,23.379999,NA
UAL,2013-12-31,3,37.830002,0.6180497698053793
UAL,2014-12-31,6,66.889999,0.7681732874346663
UAL,2015-12-31,14,57.299999,-0.14336971360995243
UDR,2012-12-31,9,23.780001,NA
UDR,2013-12-31,15,23.35,-0.01808246349527054
UDR,2014-12-31,15,30.82,0.3199143468950749
UDR,2015-12-31,18,37.57,0.21901362751460085
UHS,2012-12-31,14,48.349998,NA
UHS,2013-12-31,14,81.260002,0.6806619516302772
UHS,2014-12-31,13,111.260002,0.3691853219496599
UHS,2015-12-31,14,119.489998,0.07397084174059243
ULTA,2013-02-02,13,NA,NA
ULTA,2014-02-02,12,NA,NA
ULTA,2015-01-31,13,NA,NA
ULTA,2016-01-31,13,NA,NA
UNH,2013-12-31,8,75.300003,NA
UNH,2014-12-31,8,101.089996,0.34249657334010997
UNH,2015-12-31,7,117.639999,0.16371553719321552
UNH,2016-12-31,7,NA,NA
UNM,2012-12-31,12,20.82,NA
UNM,2013-12-31,12,35.080002,0.6849184438040345
UNM,2014-12-31,5,34.880001,-0.0057012824571675
UNM,2015-12-31,12,33.290001,-0.04558486107841575
UNP,2013-12-31,34,84,NA
UNP,2014-12-31,36,119.129997,0.4182142500000001
UNP,2015-12-31,37,78.199997,-0.3435742552734221
UNP,2016-12-31,36,NA,NA
UPS,2012-12-31,2,73.730003,NA
UPS,2013-12-31,13,105.080002,0.4252000233880364
UPS,2014-12-31,9,111.169998,0.057955803997796096
UPS,2015-12-31,13,96.230003,-0.13438873139135987
URBN,2013-01-31,13,42.799999,NA
URBN,2014-01-31,14,35.82,-0.16308409259542267
URBN,2015-01-31,11,NA,NA
URBN,2016-01-31,10,NA,NA
USB,2013-07-31,14,37.32,NA
USB,2014-07-31,14,42.029999,0.12620576098606628
USB,2015-07-31,12,45.209999,0.07566024448394604
USB,2016-07-31,12,NA,NA
UTX,2013-12-31,15,113.800003,NA
UTX,2014-12-31,17,115,0.010544788825708418
UTX,2015-12-31,13,96.07,-0.16460869565217395
UTX,2016-12-31,14,NA,NA
V,2013-09-30,61,47.7750015,NA
V,2014-09-30,61,53.34249875,0.11653578388689323
V,2015-09-30,65,69.660004,0.30590065393215204
V,2016-09-30,52,82.699997,0.18719483564772688
VAR,2013-09-27,21,74.18,NA
VAR,2014-09-26,19,80.900002,0.0905904826098678
VAR,2015-10-02,18,75.190002,-0.07058096240838152
VAR,2016-09-30,17,99.529999,0.32371321123252517
VFC,2012-12-31,13,37.74250025,NA
VFC,2013-12-31,14,62.34,0.6517188736058896
VFC,2015-01-03,12,NA,NA
VFC,2016-01-02,13,NA,NA
VIAB,2013-09-30,28,83.580002,NA
VIAB,2014-09-30,30,76.940002,-0.07944484136288954
VIAB,2015-09-30,23,43.150002,-0.4391733704399956
VIAB,2016-09-30,20,38.099998,-0.11703369098337468
VLO,2012-12-31,4,31.1882989031,NA
VLO,2013-12-31,3,50.400002,0.6159907328254581
VLO,2014-12-31,5,49.5,-0.017857181831064217
VLO,2015-12-31,7,70.709999,0.4284848282828282
VMC,2012-12-31,3,52.049999,NA
VMC,2013-12-31,7,59.419998,0.14159460406521807
VMC,2014-12-31,18,65.730003,0.10619328866352373
VMC,2015-12-31,16,94.970001,0.4448500937996307
VNO,2013-12-31,29,80.4257255435,NA
VNO,2014-12-31,30,106.621381341,0.32571239638157223
VNO,2015-12-31,30,99.959999,-0.06247698404596125
VNO,2016-12-31,22,NA,NA
VRSK,2012-12-31,41,50.970001,NA
VRSK,2013-12-31,38,65.720001,0.2893859076047496
VRSK,2014-12-31,38,64.050003,-0.025410803021746697
VRSK,2015-12-31,36,76.879997,0.20031215299084382
VRSN,2012-12-31,52,38.82,NA
VRSN,2013-12-31,55,59.779999,0.5399278464708912
VRSN,2014-12-31,56,57,-0.04650383149052906
VRSN,2015-12-31,57,87.360001,0.532631596491228
VRTX,2012-12-31,3,41.900002,NA
VRTX,2013-12-31,50,74.300003,0.7732696766935716
VRTX,2014-12-31,119,118.800003,0.5989232598012142
VRTX,2015-12-31,45,125.830002,0.05917507426325552
VTR,2013-12-31,24,57.279999,NA
VTR,2014-12-31,23,71.699997,0.25174577953466803
VTR,2015-12-31,22,56.43,-0.21297067836697392
VTR,2016-12-31,27,NA,NA
VZ,2012-12-31,11,43.27,NA
VZ,2013-12-31,27,49.139999,0.1356597873815577
VZ,2014-12-31,15,46.779999,-0.048026049003379256
VZ,2015-12-31,25,46.220001,-0.011970885249484309
WAT,2012-12-31,28,87.120003,NA
WAT,2013-12-31,27,100,0.14784201740672587
WAT,2014-12-31,26,112.720001,0.12720000999999992
WAT,2015-12-31,28,134.580002,0.1939318737231026
WDC,2013-06-28,8,62.09,NA
WDC,2014-06-27,12,92.900002,0.4962152037365115
WDC,2015-07-03,11,NA,NA
WDC,2016-07-01,4,46.470001,NA
WEC,2012-12-31,24,36.849998,NA
WEC,2013-12-31,24,41.34,0.12184537974737486
WEC,2014-12-31,22,52.740002,0.275762022254475
WEC,2015-12-31,21,51.310001,-0.027114162794305452
WFC,2012-12-31,0,34.18,NA
WFC,2013-12-31,0,45.400002,0.32826220011702745
WFC,2014-12-31,0,54.82,0.2074889335907959
WFC,2015-12-31,0,54.360001,-0.008391079897847598
WFM,2013-09-29,7,NA,NA
WFM,2014-09-28,7,NA,NA
WFM,2015-09-27,6,NA,NA
WFM,2016-09-25,5,NA,NA
WHR,2013-12-31,7,156.860001,NA
WHR,2014-12-31,6,193.740005,0.23511413849857088
WHR,2015-12-31,6,146.869995,-0.24192220909667062
WHR,2016-12-31,7,NA,NA
WLTW,2012-12-31,6,NA,NA
WLTW,2013-12-31,18,NA,NA
WLTW,2014-12-31,17,NA,NA
WLTW,2015-12-31,11,NA,NA
WM,2013-12-31,8,44.869999,NA
WM,2014-12-31,16,51.32,0.14374863257741555
WM,2015-12-31,16,53.369999,0.03994542088854258
WM,2016-12-31,17,NA,NA
WMB,2012-12-31,22,32.740002,NA
WMB,2013-12-31,20,38.57,0.17806956761945236
WMB,2014-12-31,21,44.939999,0.16515423904589066
WMB,2015-12-31,3,25.700001,-0.4281263557660515
WMT,2013-01-31,6,69.949997,NA
WMT,2014-01-31,6,74.68,0.06761977416525133
WMT,2015-01-31,6,NA,NA
WMT,2016-01-31,5,NA,NA
WRK,2014-09-30,9,NA,NA
WRK,2015-09-30,8,51.439999,NA
WRK,2016-09-30,3,48.48,-0.057542749952230854
WU,2012-12-31,23,13.61,NA
WU,2013-12-31,20,17.25,0.26745040411462173
WU,2014-12-31,20,17.91,0.03826086956521735
WU,2015-12-31,20,17.91,0
WY,2012-12-31,10,27.82,NA
WY,2013-12-31,9,31.57,0.1347951114306254
WY,2014-12-31,18,35.889999,0.1368387393094712
WY,2015-12-31,13,29.98,-0.16466980118890506
WYN,2012-12-31,19,53.209999,NA
WYN,2013-12-31,18,73.690002,0.38489012187352234
WYN,2014-12-31,18,85.760002,0.1637942688616021
WYN,2015-12-31,18,72.650002,-0.15286846658422415
WYNN,2012-12-31,20,112.489998,NA
WYNN,2013-12-31,23,194.210007,0.726464667552043
WYNN,2014-12-31,23,148.759995,-0.23402507781177306
WYNN,2015-12-31,16,69.190002,-0.5348883817857079
XEC,2012-12-31,35,57.73,NA
XEC,2013-12-31,45,104.910004,0.8172527975056298
XEC,2014-12-31,34,106,0.010389819449439619
XEC,2015-12-31,258,89.379997,-0.15679248113207545
XEL,2012-12-31,18,26.709999,NA
XEL,2013-12-31,17,27.940001,0.04605024507863131
XEL,2014-12-31,17,35.919998,0.2856119081742339
XEL,2015-12-31,18,35.91,-2.783407727362519e-4
XL,2012-12-31,10,25.059999,NA
XL,2013-12-31,15,31.84,0.27055072907225575
XL,2014-12-31,4,34.369999,0.0794597675879396
XL,2015-12-31,10,39.18,0.1399476619129374
XLNX,2013-03-30,27,NA,NA
XLNX,2014-03-29,31,NA,NA
XLNX,2015-03-28,32,NA,NA
XLNX,2016-04-02,30,NA,NA
XOM,2012-12-31,11,86.550003,NA
XOM,2013-12-31,10,101.199997,0.16926624485501174
XOM,2014-12-31,9,92.449997,-0.08646245315600154
XOM,2015-12-31,5,77.949997,-0.15684154105489045
XRAY,2012-12-31,13,39.610001,NA
XRAY,2013-12-31,14,48.48,0.2239333192644959
XRAY,2014-12-31,15,53.27,0.09880363036303641
XRAY,2015-12-31,14,60.849998,0.14229393654965272
XRX,2012-12-31,6,6.82,NA
XRX,2013-12-31,6,12.17,0.7844574780058651
XRX,2014-12-31,6,13.86,0.13886606409202962
XRX,2015-12-31,2,10.63,-0.23304473304473294
XYL,2012-12-31,12,NA,NA
XYL,2013-12-31,9,34.599998,NA
XYL,2014-12-31,12,38.07,0.1002890809415653
XYL,2015-12-31,12,36.5,-0.041239821381665376
YHOO,2012-12-31,11,19.9,NA
YHOO,2013-12-31,13,40.439999,1.0321607537688444
YHOO,2014-12-31,3,50.509998,0.2490108617460649
YHOO,2015-12-31,96,33.259998,-0.3415165449026547
YUM,2012-12-29,17,NA,NA
YUM,2013-12-28,14,NA,NA
YUM,2014-12-27,12,NA,NA
YUM,2015-12-26,15,NA,NA
ZBH,2012-12-31,23,66.660004,NA
ZBH,2013-12-31,23,93.190002,0.39798974509512486
ZBH,2014-12-31,22,113.419998,0.21708333046285366
ZBH,2015-12-31,8,102.589996,-0.09548582428999874
ZION,2012-12-31,0,21.4,NA
ZION,2013-12-31,0,29.959999,0.3999999532710281
ZION,2014-12-31,0,28.51,-0.04839783205600234
ZION,2015-12-31,0,27.299999,-0.04244128376008427
ZTS,2013-12-31,17,32.689999,NA
ZTS,2014-12-31,20,43.029999,0.3163046900062614
ZTS,2015-12-31,16,47.919998,0.11364162476508555
ZTS,2016-12-31,28,NA,NA
